otel_ad,fiyat,Fiyat Aralığı,Bölge,Hava Alanına Uzaklığı,Denize Uzaklığı,Plaj,İskele,A la Carte Restoran,Asansör,Açık Restoran,Kapalı Restoran,Açık Havuz,Kapalı Havuz,Bedensel Engelli Odası,Bar,Su Kaydırağı,Balo Salonu,Kuaför,Otopark,Market,Sauna,Doktor,Beach Voley,Fitness,Canlı Eğlence,Wireless Internet,Animasyon,Sörf,Paraşüt,Araç Kiralama,Kano,SPA,Masaj,Masa Tenisi,Çocuk Havuzu,Çocuk Parkı
Adalya Elite Lara,"27.111,36 TL",27000-29000,Antalya - Lara-Kundu ,"10 km, Antalya HA ",50 - 100 Metre Arası,Mavi Bayraklı Özel Plaj,Var,5,1,1,1,2,1,1,5,1,1,1,1,1,1,1,1,1,1,1,1,1,1,1,1,1,1,1,1,1
Adalya Ocean Deluxe,"27.051,36 TL",27000-29000,Antalya - Side-Evrenseki ,"65 km, Antalya HA ",Denize Sıfır,Mavi Bayraklı Özel Plaj,Yok,3,1,1,1,1,1,1,3,1,0,1,0,0,1,1,1,1,1,1,1,0,0,1,0,1,1,1,1,1
Adam Eve,"39.150,00 TL",+33000,Antalya - Belek-İskele ,"35 km, Antalya HA ",Denize Sıfır,Mavi Bayraklı Özel Plaj,Var,7,1,1,1,5,1,1,7,1,0,1,1,0,1,1,1,1,0,1,1,0,0,1,1,1,1,1,0,0
Alaiye Resort Spa,"16.875,00 TL",15000-17000,Antalya - Alanya-Türkler ,"105 km, Antalya HA ",50 - 100 Metre Arası,Özel Plaj,Yok,3,1,3,2,4,1,0,6,1,0,1,1,1,1,1,1,1,0,1,1,0,0,1,0,1,1,1,1,1
Alarcha Hotels Resorts,"16.907,52 TL",15000-17000,Antalya - Side-Örenşehir ,"100 km, Antalya HA ",Denize Sıfır,Özel Plaj,Yok,2,1,1,1,1,1,1,4,1,0,1,1,1,1,1,1,1,0,1,1,0,0,1,0,1,1,1,1,0
Aletris Deluxe Hotel Spa,"21.157,20 TL",21000-23000,Antalya - Side-Çolaklı ,"45 km, Antalya HA ",600 - 750 Metre Arası,Özel Plaj,Yok,3,1,1,4,2,1,1,6,1,0,1,1,1,1,1,1,1,1,1,1,0,1,1,0,1,1,1,1,0
Aqı Pegasos Royal,"18.662,94 TL",17000-19000,Antalya - Alanya-İncekum ,"95 km, Antalya HA ",Denize Sıfır,Mavi Bayraklı Özel Plaj,Var,3,1,1,1,1,1,0,1,1,0,1,1,1,1,1,0,0,1,1,1,0,1,0,1,0,1,1,1,1
Aydınbey Famous Resort Hotel,"19.710,00 TL",19000-21000,Antalya - Belek-Boğazkent ,"40 km, Antalya HA ",Denize Sıfır,Mavi Bayraklı Özel Plaj,Yok,1,1,1,1,2,1,1,5,1,0,1,1,1,1,1,1,1,0,1,1,1,1,1,1,0,1,1,1,1
Aydınbey Gold Dreams Hotel,"21.900,00 TL",21000-23000,Antalya - Alanya-Türkler ,"110 km, Antalya HA ",Denize Sıfır (Aradan Yol Geçiyor),Mavi Bayraklı Özel Plaj,Yok,1,1,1,1,2,1,1,5,1,0,1,1,1,1,1,1,1,0,1,1,0,0,0,0,1,1,1,1,1
Aydınbey Queen`s Palace Hotel,"35.040,00 TL",+33000,Antalya - Belek-Kadriye ,"20 km, Antalya HA ",750 Metre ve Üzeri,Mavi Bayraklı Özel Plaj,Yok,2,1,1,1,2,1,1,4,1,0,1,0,0,1,1,0,1,0,1,1,0,1,0,0,1,1,0,1,0
Blue Waters Club,"29.776,50 TL",29000-31000,Antalya - Side-Sorgun ,"65 km, Antalya HA ",Denize Sıfır,Mavi Bayraklı Plaj,Var,0,1,2,1,3,1,1,5,1,1,1,1,1,1,1,1,1,1,1,1,0,0,1,0,1,1,1,1,1
Boyalık Beach Hotel Spa Thermal Resort,"21.037,50 TL",21000-23000,Çeşme - Boyalık ,"90 km, Adnan Menderes HA ",Denize Sıfır,Mavi Bayraklı Özel Plaj,Var,0,1,1,1,2,2,1,2,0,0,1,1,1,1,1,0,1,1,1,1,1,1,1,0,1,1,1,1,1
Club Hotel Sera,"25.882,50 TL",25000-27000,Antalya - Lara-Örnekköy ,"9 km, Antalya HA ",Denize Sıfır,Özel Plaj,Var,1,1,1,1,1,1,1,3,1,0,1,1,1,1,1,0,1,0,1,1,0,0,1,0,1,1,1,1,1
Club Paradiso,"13.230,00 TL",13000-15000,Antalya - Alanya-Kestel ,"130 km, Antalya HA ",750 Metre ve Üzeri,Mavi Bayraklı Özel Plaj,Yok,2,1,1,1,3,1,1,8,1,0,0,1,1,1,1,1,1,1,1,1,0,1,1,1,1,1,1,1,1
Club Side Coast Hotel,"15.300,00 TL",15000-17000,Antalya - Side-Çolaklı ,"60 km, Antalya HA ",300 - 400 Metre Arası,Özel Plaj,Yok,2,0,1,1,2,1,0,4,1,0,1,0,1,1,1,1,0,1,0,1,0,0,1,0,1,1,1,1,1
Cornelia De Luxe Resort,"38.025,00 TL",+33000,Antalya - Belek-Serik ,"35 km, Antalya HA ",Denize Sıfır,Mavi Bayraklı Özel Plaj,Var,5,0,1,1,1,1,0,1,1,0,1,0,0,0,1,0,1,0,0,0,1,0,1,0,1,1,0,0,0
Crystal De Luxe Resort Spa,"21.840,00 TL",21000-23000,Antalya - Kemer-Merkez ,"56 km, Antalya HA ",50 - 100 Metre Arası,Mavi Bayraklı Özel Plaj,Var,3,1,3,4,3,2,1,4,1,0,1,1,1,1,1,1,1,1,1,1,1,1,1,1,1,1,1,1,1
Crystal Family Resort Spa,"25.875,00 TL",25000-27000,Antalya - Belek-Boğazkent ,"40 km, Antalya HA ",Denize Sıfır,Mavi Bayraklı Plaj,Yok,6,1,5,2,5,2,1,6,1,0,1,1,1,1,1,1,1,1,1,1,1,0,1,1,1,1,0,1,1
Crystal Palace Luxury Resort Spa,"25.935,00 TL",25000-27000,Antalya - Side-Çolaklı ,"55 km, Antalya HA ",Denize Sıfır,Mavi Bayraklı Plaj,Yok,5,1,4,4,2,1,1,10,1,0,1,1,1,1,1,1,1,1,1,1,0,0,1,0,1,1,1,1,1
Crystal Sunset Luxury,"23.940,00 TL",23000-25000,Antalya - Side-Kumköy ,"60 km, Antalya HA ",750 Metre ve Üzeri,Özel Plaj,Yok,6,1,1,1,4,2,1,13,1,0,1,1,1,1,1,1,1,1,1,1,0,1,1,1,1,1,1,1,1
Çenger Beach Resort Spa,"8.639,28 TL",7000-9000,Antalya - Side-Kızılot ,"90 km, Antalya HA ",100 - 200 Metre Arası,Mavi Bayraklı Özel Plaj,Yok,2,1,1,1,1,1,1,4,1,0,1,1,1,1,1,1,1,1,1,1,1,0,1,1,1,1,1,1,0
Diamond Hill Resort,"12.232,50 TL",11000-13000,Antalya - Alanya-Tosmur ,"125 km, Antalya HA ",50 - 100 Metre Arası,Özel Plaj,Yok,1,1,1,1,1,1,1,4,1,0,1,1,1,1,1,1,1,1,0,1,0,1,1,0,1,1,1,1,1
Doria Hotel Bodrum,"20.536,20 TL",19000-21000,Bodrum - Bitez ,"38 km, Milas HA ",750 Metre ve Üzeri,Özel Plaj,Var,1,0,1,1,2,1,0,2,0,0,0,1,0,1,1,0,1,0,1,0,0,0,1,0,1,1,0,1,0
Ela Excellence Resort Belek,"53.848,80 TL",+33000,Antalya - Belek-İskele ,"35 km, Antalya HA ",Denize Sıfır,Özel Plaj,Var,7,1,8,4,1,1,1,10,1,0,1,1,1,1,1,1,1,1,1,1,0,0,1,0,1,1,1,1,1
Hotel Grand Kaptan,"14.399,28 TL",13000-15000,Antalya - Alanya-Obagöl ,"131 km, Antalya HA ",50 Metreye Kadar,Mavi Bayraklı Özel Plaj,Var,1,1,1,1,2,0,1,5,1,0,1,1,1,1,1,1,1,1,1,1,0,0,1,0,0,1,1,1,1
Hotel Terrace Beach Resort,"24.949,20 TL",23000-25000,Antalya - Side-Kumköy ,"60 km, Antalya HA ",Denize Sıfır,Özel Plaj,Yok,2,1,1,1,1,1,1,3,1,0,1,0,1,1,1,1,1,0,1,1,0,0,1,0,1,1,1,1,0
İnnvista Belek Antalya,"16.320,00 TL",15000-17000,Antalya - Belek ,"25 km, Antalya HA ",750 Metre ve Üzeri,Halk Plajı,Yok,3,1,1,1,0,1,0,3,1,0,1,1,1,1,1,0,1,1,1,1,0,0,1,0,1,1,1,1,1
Justiniano Park Conti Club,"24.675,84 TL",23000-25000,Antalya - Alanya-Okurcalar ,"90 km, Antalya HA ",Denize Sıfır (Aradan Yol Geçiyor),Özel Plaj,Var,3,1,0,1,2,1,0,5,1,0,1,0,1,1,1,1,1,1,1,1,0,0,1,0,1,1,1,1,0
Kahya Resort Aqua Spa,"16.198,65 TL",15000-17000,Antalya - Alanya-Konaklı ,"110 km, Antalya HA ",Denize Sıfır (Aradan Yol Geçiyor),Özel Plaj,Yok,2,1,1,1,1,0,1,6,1,0,1,1,1,1,1,0,1,1,1,1,0,0,1,0,1,1,1,1,1
Kirman Arycanda De Luxe,"26.250,00 TL",25000-27000,Antalya - Alanya-Okurcalar ,"90 km, Antalya HA ",Denize Sıfır,Mavi Bayraklı Özel Plaj,Yok,4,1,1,1,2,1,1,5,1,0,1,1,0,1,1,1,1,0,1,1,0,0,1,0,1,1,1,1,1
Kirman Sidemarin Beach Spa,"26.250,00 TL",25000-27000,Antalya - Side ,"60 km, Antalya HA ",Denize Sıfır,Mavi Bayraklı Özel Plaj,Var,4,1,1,1,1,1,0,8,1,0,1,0,0,1,1,1,1,1,0,1,0,0,1,0,1,1,1,1,1
Laguna Beach Alya Resort Spa,"18.809,82 TL",17000-19000,Antalya - Alanya-Okurcalar ,"90 km, Antalya HA ",100 - 200 Metre Arası,Özel Plaj,Yok,1,0,1,1,4,0,0,4,1,0,1,0,1,1,1,1,1,0,1,0,0,0,1,0,0,1,1,1,0
Limak Atlantis Deluxe Hotel Resort,"38.610,00 TL",+33000,Antalya - Belek-İleribaşı ,"35 km, Antalya HA ",Denize Sıfır,Mavi Bayraklı Özel Plaj,Var,5,1,1,1,5,1,1,4,1,0,1,1,1,1,1,1,1,0,1,1,1,0,1,1,1,1,1,1,1
Limak Lara Deluxe Hotel Resort,"38.880,00 TL",+33000,Antalya - Lara-Kundu ,"13 km, Antalya HA ",Denize Sıfır,Mavi Bayraklı Özel Plaj,Var,4,1,1,1,3,1,1,8,1,0,1,1,1,1,1,1,1,0,1,1,1,0,0,0,1,1,1,1,1
Limak Limra Hotel Resort,"35.490,00 TL",+33000,Antalya - Kemer-Kiriş ,"75 km, Antalya HA ",Denize Sıfır,Mavi Bayraklı Özel Plaj,Var,5,1,1,1,4,1,1,4,1,1,1,1,1,1,1,1,1,1,1,1,1,1,1,0,1,1,1,1,0
Lrs Lake River Side Hotel Spa,"18.607,68 TL",17000-19000,Antalya - Side-Titreyengöl ,"65 km, Antalya HA ",750 Metre ve Üzeri,Özel Plaj,Yok,3,1,1,1,1,1,1,2,1,0,1,1,1,1,1,1,1,1,1,1,0,1,1,0,1,1,1,1,1
Lrs Port River Hotel Spa,"20.674,08 TL",19000-21000,Antalya - Side-Titreyengöl ,"65 km, Antalya HA ",200 - 300 Metre Arası,Yok,Yok,2,1,1,1,1,1,1,4,1,0,1,1,1,1,1,1,1,1,1,1,0,1,1,0,1,1,1,1,1
Luna Blanca Resort Spa,"21.176,45 TL",21000-23000,Antalya - Side-Kumköy ,"65 km, Antalya HA ",200 - 300 Metre Arası,Mavi Bayraklı Özel Plaj,Yok,2,1,1,1,2,1,1,3,1,0,1,1,1,1,1,1,1,1,1,1,0,1,0,0,1,1,1,1,1
Lykia World Antalya,"23.085,00 TL",23000-25000,Antalya - Belek-Boğazkent ,"50 km, Antalya HA ",Denize Sıfır,Özel Plaj,Var,5,1,1,1,6,2,1,5,1,0,1,1,1,1,1,0,1,1,1,1,0,0,0,1,1,0,1,1,1
Marvida Family Eco,"17.784,00 TL",17000-19000,Antalya - Side-Titreyengöl ,"70 km, Antalya HA ",400 - 500 Metre Arası,Mavi Bayraklı Özel Plaj,Yok,4,1,1,1,3,1,1,4,1,0,1,1,1,1,1,1,1,1,1,1,0,0,1,1,1,1,1,1,1
Megasaray Club Belek,"36.000,00 TL",+33000,Antalya - Belek-Serik ,"29 km, Antalya HA ",Denize Sıfır,Özel Plaj,Var,2,1,4,2,3,1,0,4,1,1,1,1,1,1,1,1,1,1,1,1,0,0,1,0,1,1,1,1,1
Meridia Beach Hotel,"8.640,00 TL",7000-9000,Antalya - Alanya-Okurcalar ,"76 km, Gazipaşa HA ",100 - 200 Metre Arası,Mavi Bayraklı Özel Plaj,Yok,1,1,1,1,1,1,1,6,1,0,0,1,1,1,1,1,1,1,1,1,0,0,0,0,1,1,1,1,1
Meryan Beach Hotel Spa,"23.797,80 TL",23000-25000,Antalya - Alanya-Okurcalar ,"85 km, Antalya HA ",Denize Sıfır,Mavi Bayraklı Özel Plaj,Var,0,1,2,1,2,1,1,5,1,0,1,1,1,1,1,1,1,1,1,1,1,1,1,0,1,1,1,1,1
Mirada Del Mar,"21.796,13 TL",21000-23000,Antalya - Kemer-Göynük ,"45 km, Antalya HA ",Denize Sıfır,Mavi Bayraklı Özel Plaj,Var,5,1,3,1,3,1,1,8,1,0,0,1,1,1,1,1,1,1,1,1,0,0,0,0,1,1,1,1,1
Orange County Kemer,"19.186,87 TL",19000-21000,Antalya - Kemer-Merkez ,"60 km, Antalya HA ",Denize Sıfır,Mavi Bayraklı Özel Plaj,Var,1,1,1,1,2,1,1,1,1,0,1,1,1,1,1,0,1,0,1,1,1,0,1,1,1,1,1,0,0
Pine Beach Belek,"37.686,00 TL",+33000,Antalya - Belek-İleribaşı ,"33 km, Antalya HA ",Denize Sıfır,Mavi Bayraklı Özel Plaj,Yok,3,1,1,1,3,3,1,1,1,0,1,1,1,1,1,1,1,1,1,1,1,1,1,0,1,1,1,1,1
Queens Park Le Jardin Resort Spa,"17.550,00 TL",17000-19000,Antalya - Kemer-Kiriş ,"60 km, Antalya HA ",Denize Sıfır,Özel Plaj,Var,4,1,1,1,2,1,1,3,1,0,1,1,1,1,1,1,1,0,1,1,1,0,1,1,1,1,1,1,0
Queens Park Resort Göynük,"17.550,00 TL",17000-19000,Antalya - Kemer-Göynük ,"46 km, Antalya HA ",Denize Sıfır,Mavi Bayraklı Özel Plaj,Yok,3,1,1,1,2,1,0,4,1,0,1,0,1,1,1,1,1,1,1,1,0,0,1,1,1,1,1,1,1
Ramada Resort Bodrum,"33.165,00 TL",+33000,Bodrum - Bitez ,"40 km, Milas ",750 Metre ve Üzeri,Özel Plaj,Yok,1,1,1,1,1,1,1,4,0,1,0,1,0,1,1,0,1,0,1,0,0,0,1,0,0,1,1,1,0
Raymar Resort Aqua,"18.655,00 TL",17000-19000,Antalya - Side-Manavgat ,"88 km, Antalya HA ",Denize Sıfır,Mavi Bayraklı Özel Plaj,Var,3,1,1,1,2,1,0,1,1,0,0,1,1,1,1,1,1,1,1,1,1,1,0,1,1,1,1,1,1
Selene Beach Spa Hotel,"20.874,15 TL",19000-21000,Antalya - Alanya-Türkler ,"105 km, Antalya HA ",Denize Sıfır,Özel Plaj,Yok,1,1,1,1,1,0,0,2,0,0,1,1,0,1,1,0,1,0,1,1,0,0,1,0,0,1,0,0,0
Sensitive Premium Resort Spa,"18.075,24 TL",17000-19000,Antalya - Belek-Boğazkent ,"40 km, Antalya HA ",300 - 400 Metre Arası,Özel Plaj,Yok,3,1,1,1,1,1,1,3,1,1,1,1,1,1,1,1,1,1,1,1,1,1,1,1,1,1,1,1,1
Sentido Trendy Verbena Beach,"30.375,00 TL",29000-31000,Antalya - Side-Evrenseki ,"55 km, Antalya HA ",Denize Sıfır,Mavi Bayraklı Özel Plaj,Yok,5,1,1,1,3,1,1,6,1,0,1,1,1,1,1,0,1,1,1,1,0,0,1,0,1,1,0,1,1
Side Premium Hotel,"30.858,00 TL",29000-31000,Antalya - Side-Evrenseki ,"55 km, Antalya HA ",100 - 200 Metre Arası,Özel Plaj,Yok,4,1,1,1,2,1,1,3,1,0,1,0,1,1,1,1,1,1,1,1,1,0,0,0,0,1,1,1,1
Side Royal Style,"28.799,40 TL",27000-29000,Antalya - Side-Evrenseki ,"45 km, Antalya HA ",200 - 300 Metre Arası,Özel Plaj,Yok,1,1,1,1,1,0,0,1,1,0,1,1,1,1,1,1,1,1,1,1,0,0,1,0,1,1,1,1,0
Side Star Resort,"19.918,36 TL",19000-21000,Antalya - Side-Gündoğdu ,"50 km, Antalya HA ",Denize Sıfır,Mavi Bayraklı Özel Plaj,Yok,3,1,1,1,1,0,1,5,1,0,1,1,1,1,1,1,1,1,1,1,0,0,1,0,0,1,1,1,1
Side Stella Elite Resort Adult Only +16,"27.999,00 TL",27000-29000,Null,Null,Null,Null,Null,0,0,0,0,0,0,0,0,0,0,0,0,0,0,0,0,0,0,0,0,0,0,0,0,0,0,0,0,0
Sirius Deluxe Hotel,"21.120,00 TL",21000-23000,Antalya - Alanya ,"110 km, Antalya ",Denize Sıfır,Özel Plaj,Var,1,1,1,1,1,1,1,1,1,0,1,1,1,1,1,0,1,0,1,1,0,1,1,1,1,1,1,1,0
Sueno Hotels Beach Side,"27.000,00 TL",25000-27000,Antalya - Side-Sorgun ,"60 km, Antalya HA ",Denize Sıfır,Mavi Bayraklı Özel Plaj,Var,6,1,1,1,6,1,1,13,1,1,0,1,0,1,1,1,1,0,1,1,0,0,1,0,1,1,1,1,1
Sunis Elita Beach Resort Spa,"27.840,00 TL",27000-29000,Antalya - Side-Kızılağaç ,"81 km, Antalya HA ",Denize Sıfır,Mavi Bayraklı Özel Plaj,Var,5,1,1,1,3,1,1,0,1,0,1,1,1,1,1,1,1,1,1,1,0,0,1,1,1,1,1,1,1
Sunis Evren Beach Resort Hotel,"27.000,00 TL",25000-27000,Antalya - Side-Evrenseki ,"60 km, Antalya HA ",Denize Sıfır,Özel Plaj,Yok,5,1,1,1,1,1,1,2,1,0,1,0,1,1,1,1,1,1,1,1,0,0,0,0,0,1,1,1,1
Susesi Luxury Resort,"60.480,00 TL",+33000,Antalya - Belek-İskele ,"35 km, Antalya HA ",Denize Sıfır,Mavi Bayraklı Özel Plaj,Var,6,1,4,3,4,1,1,11,1,1,1,1,1,1,1,1,1,1,1,1,1,0,1,1,1,1,1,1,1
The Lumos Deluxe,"22.201,50 TL",21000-23000,Antalya - Alanya-Kargıcak ,"155 km, Antalya HA ",100 - 200 Metre Arası,Mavi Bayraklı Özel Plaj,Var,2,1,1,1,2,1,1,5,1,0,1,1,1,1,1,1,1,1,1,1,1,1,1,1,1,1,1,1,1
Trendy Palm Beach,"25.312,50 TL",25000-27000,Antalya - Side-Kumköy ,"60 km, Antalya HA ",Denize Sıfır,Mavi Bayraklı Özel Plaj,Yok,3,1,1,1,2,1,1,3,1,0,1,1,1,1,1,1,1,1,1,1,0,0,0,0,1,1,1,1,0
Tui Magic Life Belek,"24.097,50 TL",23000-25000,Antalya - Belek ,"25 km, Antalya HA ",Denize Sıfır,Özel Plaj,Yok,4,0,1,1,1,0,0,7,1,0,1,1,1,1,1,1,1,1,1,1,0,0,1,1,1,1,1,1,1
Turunç Premium Hotel,"23.400,00 TL",23000-25000,Marmaris - Turunç ,"120 km, Dalaman HA ",Denize Sıfır,Özel Plaj,Var,1,1,1,1,1,1,1,5,0,0,0,1,1,1,1,0,1,1,1,0,0,0,1,1,1,1,1,1,1
Venezia Palace Deluxe Resort Hotel,"30.170,25 TL",29000-31000,Antalya - Lara-Kundu ,"15 km, Antalya HA ",Denize Sıfır,Mavi Bayraklı Özel Plaj,Var,3,1,1,1,2,1,1,8,1,0,1,1,1,1,1,1,1,0,1,1,1,0,1,1,1,1,1,1,1
Vonresort Elite,"32.400,00 TL",29000-33000,Antalya - Side-Çolaklı ,"55 km, Antalya HA ",Denize Sıfır,Özel Plaj,Var,7,1,1,1,3,1,0,7,1,0,1,1,1,1,1,1,1,1,1,1,0,1,1,1,1,1,1,1,1
Vonresort Golden Beach,"27.000,00 TL",25000-27000,Antalya - Side-Çolaklı ,"55 km, Antalya HA ",200 - 300 Metre Arası,Özel Plaj,Var,7,0,1,1,3,0,0,7,1,0,1,1,1,1,1,1,1,1,1,1,0,1,1,1,1,1,1,1,1
Vonresort Golden Coast,"29.700,00 TL",29000-31000,Antalya - Side-Çolaklı ,"55 km, Antalya HA ",Denize Sıfır,Özel Plaj,Var,7,1,1,1,3,1,1,7,1,0,1,1,1,1,1,1,1,1,1,1,0,1,1,1,1,1,1,1,1
Wome Deluxe Hotel,"31.239,00 TL",29000-33000,Antalya - Alanya-Avsallar ,"70 km, GazipaşaHA",Denize Sıfır,Mavi Bayraklı Özel Plaj,Var,1,1,1,1,12,1,0,4,1,0,0,0,1,1,1,0,1,1,1,1,0,1,1,0,1,1,1,1,1
Adalya Resort Spa Adults Only,"28.017,48 TL",27000-29000,Antalya - Side-Evrenseki ,"65 km, Antalya HA ",Denize Sıfır,Mavi Bayraklı Özel Plaj,Yok,3,1,1,1,2,1,1,5,1,0,1,0,1,1,1,1,1,1,1,1,0,0,1,0,1,1,1,1,1
Azure Villas By Cornelia,"168.300,00 TL",+33000,Antalya - Belek-İskele ,"35 km, Antalya HA ",50 - 100 Metre Arası,Mavi Bayraklı Özel Plaj,Var,1,0,1,1,1,1,0,1,0,0,1,0,0,1,1,1,1,0,0,1,0,0,0,0,1,1,1,1,0
Beach Club Doğanay,"21.494,13 TL",21000-23000,Antalya - Alanya-Konaklı ,"45 km, GazipaşaHA",Denize Sıfır (Aradan Yol Geçiyor),Mavi Bayraklı Özel Plaj,Var,1,1,1,1,2,1,1,4,1,1,1,1,0,1,1,1,1,0,0,0,0,0,1,0,1,1,1,0,1
Hedef Resort Hotel Spa,"10.822,50 TL",9000-11000,Antalya - Alanya-Konaklı ,"110 km, Antalya HA ",100 - 200 Metre Arası,Özel Plaj,Var,3,1,1,1,2,1,1,3,1,0,1,0,0,1,1,1,0,0,1,1,0,0,1,0,1,1,1,1,1
Orange County Belek,"17.923,27 TL",17000-19000,Antalya - Belek ,"35 km, Antalya HA ",Denize Sıfır,Özel Plaj,Var,1,1,1,1,1,1,0,1,1,0,0,1,0,1,0,1,1,0,1,0,0,0,0,0,1,1,1,1,0
Seven Seas Hotel Blue,"23.400,00 TL",23000-25000,Antalya - Side-Titreyengöl ,"70 km, Antalya HA ",Denize Sıfır,Mavi Bayraklı Özel Plaj,Yok,3,1,1,1,4,0,1,8,1,0,1,0,1,1,1,1,1,1,1,1,1,0,1,1,1,1,1,1,1
Side Royal Palace Hotel Spa,"26.999,70 TL",25000-27000,Antalya - Side-Evrenseki ,"58 km, Antalya HA ",200 - 300 Metre Arası,Mavi Bayraklı Plaj,Yok,3,0,1,1,1,1,0,1,1,0,1,0,0,1,1,1,1,1,1,1,0,0,0,0,1,1,1,1,0
Tui Magic Life Jacaranda,"33.540,00 TL",+33000,Antalya - Side-Çolaklı ,"65 km, Antalya HA ",Denize Sıfır,Mavi Bayraklı Özel Plaj,Yok,5,1,5,2,7,1,1,6,1,0,1,1,1,1,1,1,1,0,1,1,0,0,1,0,1,1,1,1,1
Novum Garden Side Hotel,"28.203,00 TL",27000-29000,Antalya - Side ,"55 km, Antalya HA ",200 - 300 Metre Arası,Özel Plaj,Yok,1,1,1,1,1,1,0,6,1,0,1,1,1,1,1,1,1,1,1,1,0,0,1,0,1,1,1,1,0
Side Breeze,"19.800,00 TL",19000-21000,Antalya - Side ,"55 km, Antalya ",200 - 300 Metre Arası,Özel Plaj,Yok,0,0,2,0,0,0,0,5,0,0,0,0,0,1,1,1,1,0,0,1,0,0,0,0,0,0,1,1,1
Telatiye Resort Hotel,"13.291,20 TL",13000-15000,Antalya - Alanya-Konaklı ,"110 km, Antalya HA ",50 - 100 Metre Arası,Mavi Bayraklı Özel Plaj,Yok,2,1,1,1,2,1,0,3,1,0,1,1,1,1,1,0,1,0,1,1,0,0,1,0,1,1,1,1,1
Villa Side Residence,"18.900,00 TL",17000-19000,Antalya - Side-Manavgat ,"60 km, Antalya HA ",200 - 300 Metre Arası,Özel Plaj,Yok,0,1,1,1,1,1,1,0,1,0,1,1,1,0,1,0,0,0,1,0,0,0,0,0,1,1,0,1,0
Alaiye Kleopatra Hotel,"12.119,63 TL",11000-13000,Antalya - Alanya-Kleopatra ,"45 km, Gazipaşa HA ",100 - 200 Metre Arası,Özel Plaj,Yok,0,1,1,1,1,1,1,3,0,0,1,0,0,1,1,0,1,1,1,1,0,0,1,0,1,1,0,1,0
Amon Hotels Belek,"18.711,00 TL",17000-19000,Antalya - Belek ,"25 km, Antalya HA ",750 Metre ve Üzeri,Özel Plaj,Yok,1,1,1,1,1,1,1,3,1,0,0,1,1,1,1,1,1,1,1,1,0,0,1,0,1,1,1,0,0
Ares Dream Hotel,"8.178,00 TL",7000-9000,Antalya - Kemer-Merkez ,"50 km, Antalya HA ",200 - 300 Metre Arası,Özel Plaj,Yok,0,0,1,1,1,0,0,1,0,0,0,0,0,1,0,0,0,0,1,0,0,0,0,0,0,1,0,1,0
Asrın Beach Hotel,"9.517,50 TL",9000-11000,Antalya - Alanya-İncekum ,"100 km, Antalya HA ",Denize Sıfır,Özel Plaj,Yok,1,1,1,1,1,1,0,4,1,0,1,0,1,1,1,0,1,0,1,1,0,0,1,1,1,1,0,1,0
Club Hotel Rama,"22.325,76 TL",21000-23000,Antalya - Kemer-Beldibi ,"45 km, Antalya HA ",Denize Sıfır,Özel Plaj,Var,0,1,1,1,2,0,0,2,1,0,0,1,1,1,1,0,1,1,1,1,0,0,1,0,1,1,1,1,1
Elamir Resort Hotel,"16.200,00 TL",15000-17000,Antalya - Kemer ,"55 km, Antalya HA ",100 - 200 Metre Arası,Özel Plaj,Yok,1,1,1,1,1,0,1,0,0,0,0,0,0,1,0,1,1,0,1,1,0,0,0,1,1,1,1,0,0
Get Enjoy Hotels,"9.450,00 TL",9000-11000,Antalya - Kemer-Beldibi ,"40 km, Antalya HA ",200 - 300 Metre Arası,Özel Plaj,Yok,0,1,1,1,2,0,0,3,1,0,0,1,1,1,1,1,1,0,1,1,0,0,1,0,0,1,1,1,1
Hedef Kleopatra Hotel,"15.687,00 TL",15000-17000,Antalya - Alanya ,"110 km, Antalya HA ",100 - 200 Metre Arası,Halk Plajı,Yok,0,0,1,1,1,0,1,1,0,0,1,0,0,1,1,1,0,0,1,1,1,1,1,1,1,1,1,1,1
Justiniano Club Alanya,"20.250,00 TL",19000-21000,Antalya - Alanya-Okurcalar ,"90 km, Antalya HA ",Denize Sıfır,Mavi Bayraklı Özel Plaj,Yok,2,0,1,1,2,1,0,4,1,0,1,0,1,1,1,1,1,1,1,1,1,0,1,0,1,1,0,1,1
Larissa Sultans Beach Hotel,"20.520,00 TL",19000-21000,Antalya - Kemer-Çamyuva ,"65 km, Antalya HA ",50 - 100 Metre Arası,Özel Plaj,Yok,1,1,1,1,1,1,1,1,0,0,1,1,1,1,1,1,0,1,1,1,0,0,1,0,0,1,0,1,1
Mysea Hotels İncekum,"9.801,00 TL",9000-11000,Antalya - Alanya-Türkler ,"100 km, Antalya HA ",Denize Sıfır,Mavi Bayraklı Özel Plaj,Yok,0,1,1,1,1,1,1,2,1,0,1,1,0,1,1,1,1,1,1,1,0,0,0,0,0,1,1,1,1
The X Belek,"21.740,19 TL",21000-23000,Antalya - Belek-Serik ,"27 km, Antalya HA ",750 Metre ve Üzeri,Özel Plaj,Yok,4,0,1,1,1,1,0,4,1,0,1,0,0,1,1,1,1,1,1,1,0,0,1,0,1,1,1,1,0
Antique Roman Palace +16,"13.365,00 TL",13000-15000,Null,Null,Null,Null,Null,0,0,0,0,0,0,0,0,0,0,0,0,0,0,0,0,0,0,0,0,0,0,0,0,0,0,0,0,0
Astoria Hotel,"12.105,00 TL",11000-13000,Antalya - Kemer-Merkez ,"55 km, Antalya HA ",200 - 300 Metre Arası,Özel Plaj,Yok,0,1,1,1,1,1,1,2,0,0,0,0,0,1,1,0,1,0,1,1,0,0,0,0,1,1,1,1,1
Club Mermaid Village,"8.141,28 TL",7000-9000,Antalya - Alanya-Türkler ,"110 km, Antalya HA ",500 - 600 Metre Arası,Özel Plaj,Yok,1,1,1,1,3,1,0,4,1,0,1,1,1,1,1,0,1,0,1,1,0,0,1,0,0,1,1,1,1
Hane Family Resort Hotel,"15.257,76 TL",15000-17000,Antalya - Side-Kumköy ,"60 km, Antalya HA ",300 - 400 Metre Arası,Özel Plaj,Yok,1,1,1,1,8,1,1,1,1,0,1,1,1,1,1,0,1,0,0,1,0,0,1,0,1,1,1,1,0
Hoşça Kal Alaçatı,"30.000,00 TL",29000-31000,Çeşme - Alaçatı ,"No Info km, No Info",No Info,Halk Plajı,Yok,0,0,1,1,0,0,0,1,0,0,0,0,0,0,0,0,0,0,1,0,0,0,0,0,0,0,0,0,0
Miramor Garden Resort,"12.105,00 TL",11000-13000,Antalya - Kemer-Kiriş ,"65 km, Antalya HA ",200 - 300 Metre Arası,Özel Plaj,Yok,0,1,0,0,0,0,0,0,1,0,0,0,1,1,1,1,1,0,1,0,0,0,1,0,1,1,1,1,0
Museum Resort Spa,"5.292,00 TL",5000-7000,Bodrum - Bodrum Merkez-Azmakbaşı ,"35 km, Milas HA ",750 Metre ve Üzeri,Halk Plajı,Yok,0,0,0,1,1,0,0,1,1,0,0,1,1,0,1,0,0,0,1,1,0,0,1,0,0,0,0,1,0
Mysea Hotels Alara,"64.161,91 TL",+33000,Antalya - Alanya-Okurcalar ,"100 km, Antalya HA ",Denize Sıfır,Özel Plaj,Yok,0,0,1,1,1,1,1,1,1,0,0,1,1,1,1,0,1,0,1,1,1,1,1,0,0,1,1,1,0
Side Su Hotel,"21.802,50 TL",21000-23000,Antalya - Side ,"60 km, Antalya HA ",200 - 300 Metre Arası,Özel Plaj,Yok,0,1,1,0,3,0,1,3,0,0,1,1,1,1,1,0,1,1,1,1,1,1,1,1,1,1,1,0,0
Flora Bodrum Hotel,"11.700,00 TL",11000-13000,Bodrum - Gümbet ,"35 km, Milas ",50 - 100 Metre Arası,Halk Plajı,Yok,0,0,1,1,1,0,1,1,0,0,0,0,0,0,0,0,0,0,1,0,0,0,1,0,0,0,0,0,0
Malibu Resort Hotel,"7.194,00 TL",7000-9000,Antalya - Kemer-Kiriş ,"70 km, Antalya HA ",300 - 400 Metre Arası,Özel Plaj,Yok,0,1,0,1,1,0,0,1,0,0,0,1,0,0,0,1,0,0,1,1,0,0,1,0,0,0,1,1,1
Feniks Hotel +12 Adult Only,"20.412,00 TL",19000-21000,Null,Null,Null,Null,Null,0,0,0,0,0,0,0,0,0,0,0,0,0,0,0,0,0,0,0,0,0,0,0,0,0,0,0,0,0
Le Meridien Bodrum Beach Resort,"42.083,16 TL",+33000,Bodrum - Adabükü ,"15 km, Milas HA ",Denize Sıfır,Özel Plaj,Var,0,1,1,1,1,1,1,4,1,0,0,1,1,1,1,1,1,0,1,0,0,0,1,0,1,1,0,1,1
Rubi Platinum Sign,"45.818,25 TL",+33000,Antalya - Alanya-Türkler ,"104 km, Antalya HA ",Denize Sıfır,Mavi Bayraklı Plaj,Var,2,0,1,1,1,1,0,1,1,0,0,0,0,1,0,1,0,1,1,1,0,0,0,1,0,1,1,1,1
Sentido Lycus Beach,"16.005,84 TL",15000-17000,Antalya - Alanya-Okurcalar ,"No Info km, No Info",Denize Sıfır,Özel Plaj,Yok,1,0,0,0,0,0,0,0,0,0,0,1,0,1,0,1,0,0,0,1,0,0,0,0,0,1,1,1,0
Side Square Hotel,"15.321,60 TL",15000-17000,Antalya - Side ,"No Info km, No Info",No Info,Özel Plaj,Yok,0,1,1,1,1,0,0,2,0,0,0,1,0,1,1,0,0,1,1,1,1,1,1,0,0,1,0,0,0
Akay Garden Family Club,"8.212,50 TL",7000-9000,Çeşme - Ildır ,"80 km, Adnan Menderes HA ",750 Metre ve Üzeri,Özel Plaj,Yok,0,0,1,1,1,0,0,3,1,0,0,0,0,0,0,0,0,1,1,1,0,0,0,0,0,0,1,1,1
Elamir Beach Bungalow,"10.631,28 TL",9000-11000,Antalya - Kemer ,"55 km, Antalya HA ",50 - 100 Metre Arası,Özel Plaj,Yok,0,0,0,1,0,0,0,0,0,0,0,0,0,1,0,1,0,0,1,1,0,0,0,1,0,1,1,0,0
Adin Beach Hotel,"33.120,00 TL",+33000,Antalya - Alanya-İncekum ,"105 km, Antalya HA ",Denize Sıfır,Mavi Bayraklı Özel Plaj,Var,3,1,1,2,6,2,1,0,1,0,1,1,1,1,1,0,1,0,1,1,1,1,1,1,0,1,1,1,1
Green Garden Resort Hotel,"24.480,00 TL",23000-25000,Antalya - Alanya-Obagöl ,"133 km, Antalya HA ",50 Metreye Kadar,Özel Plaj,Yok,1,1,1,1,6,1,1,1,1,0,1,1,1,1,1,1,1,0,1,1,0,0,0,0,1,1,1,1,1
Suess Alaçatı,"18.000,00 TL",17000-19000,Çeşme - Alaçatı ,"90 km, Adnan Menderes HA ",750 Metre ve Üzeri,Yok,Yok,1,0,1,1,1,0,0,1,0,0,0,1,0,0,0,0,0,0,1,0,0,0,1,0,0,0,0,1,0
Adenya Hotel Resort,"33.870,60 TL",+33000,Antalya - Alanya-Türkler ,"65 km, Gazipaşa ",Denize Sıfır,Mavi Bayraklı Özel Plaj,Var,2,1,1,1,7,2,1,0,1,0,1,1,1,1,1,1,1,1,1,1,1,1,1,0,0,1,1,1,1
Champion Holiday Village,"30.801,60 TL",29000-31000,Antalya - Kemer-Beldibi ,"45 km, Antalya HA ",Denize Sıfır,Özel Plaj,Var,2,1,1,1,1,0,1,3,1,0,1,1,1,1,1,1,1,1,1,1,0,0,0,0,1,1,1,1,1
Commodore Elite Suites Spa,"43.621,20 TL",+33000,Antalya - Side-Evrenseki ,"55 km, Antalya HA ",Denize Sıfır,Mavi Bayraklı Özel Plaj,Yok,2,1,1,1,1,1,0,0,1,0,0,1,0,1,1,0,1,0,1,1,0,0,1,0,1,1,0,0,0
Hotel Turan Prince,"24.576,00 TL",23000-25000,Antalya - Side ,"55 km, Antalya HA ",Denize Sıfır,Mavi Bayraklı Özel Plaj,Var,3,1,1,1,3,1,0,11,1,0,1,0,1,1,1,1,1,1,1,1,1,0,1,1,1,1,1,1,1
İncekum Beach Resort,"24.990,00 TL",23000-25000,Antalya - Alanya-İncekum ,"98 km, Antalya HA ",Denize Sıfır,Mavi Bayraklı Özel Plaj,Var,2,0,2,1,2,1,1,3,1,0,1,0,0,1,1,1,1,1,1,1,1,1,0,0,1,1,1,1,1
Juju Premier Palace (Ex. Amara Premier Palace),"32.400,00 TL",29000-33000,Null,Null,Null,Null,Null,0,0,0,0,0,0,0,0,0,0,0,0,0,0,0,0,0,0,0,0,0,0,0,0,0,0,0,0,0
Kempinski Hotel Barbaros Bay,"52.293,60 TL",+33000,Bodrum - Yalıçiftlik ,"38 km, BodrumHA",Denize Sıfır,Mavi Bayraklı Özel Plaj,Var,3,1,1,1,1,1,1,2,0,1,1,1,1,1,1,1,1,0,1,0,1,1,1,1,1,1,1,1,1
Lonicera Resort Spa Hotel,"21.017,70 TL",21000-23000,Antalya - Alanya-Avsallar ,"98 km, Antalya HA ",Denize Sıfır,Özel Plaj,Yok,1,1,1,1,4,2,1,11,1,0,1,1,1,1,1,1,1,1,1,1,0,0,1,0,1,1,1,1,1
Modern Saraylar Halal Hotel Spa,"15.345,00 TL",15000-17000,Antalya - Alanya-Avsallar ,"103 km, Antalya HA ",750 Metre ve Üzeri,Mavi Bayraklı Özel Plaj,Yok,1,1,1,1,1,1,0,0,1,0,1,1,1,1,1,0,1,1,1,1,0,0,1,0,0,1,1,1,1
Sailors Beach Club,"20.808,00 TL",19000-21000,Antalya - Kemer-Kiriş ,"65 km, Antalya HA ",Denize Sıfır,Mavi Bayraklı Özel Plaj,Var,2,1,1,1,1,1,1,5,1,0,1,1,1,1,1,1,1,1,1,1,1,0,0,1,1,1,1,1,1
Seaden Quality Resort,"35.955,00 TL",+33000,Antalya - Side-Bingeşik ,"64 km, Antalya HA ",Denize Sıfır,Özel Plaj,Yok,1,1,1,1,1,1,0,1,0,0,1,1,0,1,1,1,1,1,1,1,0,0,1,0,1,1,1,1,1
Sentido Kamelya Fulya Hotel,"30.723,00 TL",29000-31000,Antalya - Side-Çolaklı ,"55 km, Antalya HA ",Denize Sıfır,Özel Plaj,Yok,5,1,1,1,8,4,0,6,1,0,1,1,1,1,1,1,1,1,1,1,0,0,1,0,1,1,1,1,1
Sentido Kamelya Selin Hotel,"31.744,44 TL",29000-33000,Antalya - Side-Çolaklı ,"55 km, Antalya HA ",Denize Sıfır,Özel Plaj,Yok,6,1,1,1,5,2,1,7,1,0,1,1,1,1,1,1,1,1,1,1,0,0,1,0,1,1,1,1,1
Hedef Beach Resort Spa,"18.450,00 TL",17000-19000,Antalya - Alanya-Konaklı ,"100 km, Antalya HA ",100 - 200 Metre Arası,Özel Plaj,Yok,3,0,1,1,1,1,1,5,1,0,1,0,1,1,1,1,1,0,1,1,0,0,1,0,1,1,1,1,0
Seashell Resort Spa Hotel,"31.900,80 TL",29000-33000,Antalya - Side-Evrenseki ,"55 km, Antalya HA ",Denize Sıfır,Mavi Bayraklı Özel Plaj,Yok,3,1,1,1,1,1,1,4,1,0,1,1,0,1,1,1,1,1,1,1,0,0,1,0,1,1,1,1,0
Side Star Beach,"19.744,48 TL",19000-21000,Antalya - Side-Manavgat ,"65 km, Antalya HA ",Denize Sıfır,Mavi Bayraklı Özel Plaj,Yok,3,1,1,1,1,0,1,3,0,0,1,1,1,1,1,1,1,1,1,1,0,0,1,0,1,1,1,1,1
Mgallery The Bodrum Hotel Yalıkavak,"1.754.202,72 TL",+33000,Bodrum - Yalıkavak ,"53 km, Milas HA ",Denize Sıfır,Özel Plaj,Var,2,1,1,1,1,1,1,3,0,0,0,1,0,1,0,0,0,0,1,0,0,0,1,0,1,1,0,1,0
Kamelya Aishen K Club,"24.059,70 TL",23000-25000,Antalya - Side-Çolaklı ,"55 km, Antalya HA ",Denize Sıfır,Özel Plaj,Yok,6,1,9,1,7,2,0,13,1,0,1,1,1,1,1,1,1,1,1,1,0,0,1,0,1,1,1,1,1
Trendy Side Beach,"23.400,00 TL",23000-25000,Antalya - Side-Denizbükü ,"65 km, Antalya HA ",Denize Sıfır,Mavi Bayraklı Özel Plaj,Yok,2,1,1,1,1,1,1,2,0,0,0,1,1,1,1,0,1,1,1,1,0,0,1,0,1,1,1,0,0
Oscar Seaside Hotel Spa,"6.750,00 TL",5000-7000,Bodrum - Güvercinlik ,"No Info km, No Info",Denize Sıfır,Yok,Yok,0,0,0,0,0,0,0,0,0,0,0,0,0,0,0,0,0,0,0,0,0,0,0,0,0,0,0,0,0
Ayayorgi Hotel By T,"12.276,00 TL",11000-13000,Çeşme - Çeşme Merkez ,"97 km, Adnan Menderes HA ",750 Metre ve Üzeri,Yok,Yok,1,1,1,1,1,0,1,2,0,0,0,1,0,0,0,0,0,0,1,0,0,0,0,0,0,0,0,0,0
Baldan Suites,"110.694,00 TL",+33000,Marmaris - Bozburun ,"130 km, Dalaman HA ",Denize Sıfır,Özel Plaj,Var,1,0,1,0,0,0,0,1,0,0,0,0,0,0,0,0,0,0,1,0,0,0,0,0,0,0,0,0,0
Golden Key Bördübet,"47.994,00 TL",+33000,Marmaris - Bördübet ,"125 km, DalamanHA",500 - 600 Metre Arası,Özel Plaj,Var,2,0,2,0,1,0,0,4,0,0,0,1,0,0,1,0,0,0,1,0,1,0,1,1,0,1,1,0,0
Adalya Art Side Hotel,"14.641,83 TL",13000-15000,Antalya - Side-Evrenseki ,"60 km, Antalya HA ",300 - 400 Metre Arası,Mavi Bayraklı Özel Plaj,Yok,5,1,1,1,1,1,1,5,1,0,1,1,1,1,1,1,1,0,1,1,0,0,1,0,1,1,1,1,1
Akra Hotel,"23.010,05 TL",23000-25000,Antalya - Lara ,"15 km, Antalya HA ",Denize Sıfır,Özel Plaj,Var,1,1,1,1,3,1,1,1,0,0,1,1,1,1,1,1,1,1,1,0,0,0,1,0,0,1,1,1,0
Altın Yunus Hotel Spa – Çeşme,"18.225,00 TL",17000-19000,Null,Null,Null,Null,Null,0,0,0,0,0,0,0,0,0,0,0,0,0,0,0,0,0,0,0,0,0,0,0,0,0,0,0,0,0
Annabella Diamond Hotel Spa,"13.770,00 TL",13000-15000,Antalya - Alanya-İncekum ,"60 km, Gazipaşa HA ",Denize Sıfır,Özel Plaj,Yok,1,1,1,1,1,0,0,1,1,0,1,1,1,1,1,1,1,1,1,1,0,0,0,0,1,1,1,1,1
Aska Lara Resort Spa,"32.140,80 TL",29000-33000,Antalya - Lara-Kundu ,"12 km, Antalya HA ",500 - 600 Metre Arası,Mavi Bayraklı Özel Plaj,Var,5,1,1,1,4,2,1,8,1,0,1,1,1,1,1,1,1,1,1,1,0,0,1,0,1,1,1,1,1
Aydınbey King`s Palace Hotel,"36.354,00 TL",+33000,Antalya - Side-Evrenseki ,"60 km, Antalya HA ",Denize Sıfır,Mavi Bayraklı Özel Plaj,Yok,2,1,1,1,3,1,1,6,1,0,1,0,1,1,1,1,1,0,1,1,1,1,1,1,1,1,1,1,1
Belconti Resort Hotel,"31.356,50 TL",29000-33000,Antalya - Belek-İskele ,"30 km, Antalya HA ",Denize Sıfır,Özel Plaj,Yok,3,1,2,4,2,1,1,7,1,0,1,0,1,1,1,1,1,1,1,1,1,0,0,1,0,1,1,1,1
Blue Marlin Deluxe Spa Resort,"16.848,00 TL",15000-17000,Antalya - Alanya-Konaklı ,"55 km, Gazipaşa HA ",100 - 200 Metre Arası,Özel Plaj,Var,0,1,1,1,2,1,1,4,1,0,1,0,1,1,1,0,1,0,1,1,0,0,1,0,1,1,1,1,1
Cape Bodrum Luxury Hotel Beach,"50.400,00 TL",+33000,Bodrum - Gündoğan ,"45 km, Milas HA ",Denize Sıfır,Mavi Bayraklı Özel Plaj,Var,2,1,1,1,1,1,1,3,0,0,1,1,0,1,1,0,1,0,1,0,0,0,1,0,1,1,0,1,0
Club Hotel Turan Prince World,"24.960,00 TL",23000-25000,Antalya - Side-Kızılağaç ,"75 km, Antalya HA ",Denize Sıfır,Mavi Bayraklı Özel Plaj,Var,3,0,1,1,3,1,1,7,1,0,1,0,1,1,1,1,1,1,1,1,1,1,1,1,1,1,1,1,1
Corendon Playa Kemer,"25.855,20 TL",25000-27000,Antalya - Kemer-Beldibi ,"40 km, Antalya HA ",Denize Sıfır,Özel Plaj,Var,2,1,1,1,1,1,1,6,1,0,1,1,0,1,1,1,1,1,1,1,0,0,1,0,0,1,1,1,1
Doubletree By Hilton Antalya City Centre,"22.500,00 TL",21000-23000,Antalya - Antalya Merkez-Muratpaşa ,"15 km, Antalya ",No Info,Yok,Yok,1,1,1,2,1,1,1,2,0,1,0,1,0,0,1,0,0,0,1,0,0,0,0,0,0,0,0,1,0
Doubletree By Hilton Bodrum Işıl Club Resort,"18.236,01 TL",17000-19000,Bodrum - Torba-Kaynar Mevkii ,"25 km, Milas HA ",Denize Sıfır,Mavi Bayraklı Özel Plaj,Var,2,1,1,1,1,0,0,5,1,0,1,1,1,1,1,1,1,1,1,1,1,0,1,1,1,1,1,1,1
Elegance Hotel Marmaris,"23.625,00 TL",23000-25000,Marmaris - Siteler ,"95 km, Dalaman HA ",Denize Sıfır,Özel Plaj,Var,2,1,0,1,2,0,1,4,0,1,1,0,1,1,1,0,1,1,0,1,1,1,1,0,1,1,1,1,1
Emelda Sun Club,"20.768,40 TL",19000-21000,Antalya - Kemer-Çamyuva ,"70 km, Antalya HA ",Denize Sıfır,Özel Plaj,Var,4,1,1,1,2,0,1,9,1,0,1,0,1,1,1,1,1,1,1,1,0,0,0,0,0,1,1,1,1
Galeri Resort Hotel,"24.112,89 TL",23000-25000,Antalya - Alanya-Okurcalar ,"90 km, Antalya HA ",Denize Sıfır,Özel Plaj,Var,4,1,1,1,1,1,1,7,1,0,1,1,1,1,1,1,1,0,1,1,0,0,1,0,0,1,1,1,0
Green Nature Diamond,"23.400,00 TL",23000-25000,Marmaris - Siteler ,"90 km, Dalaman HA ",Denize Sıfır,Mavi Bayraklı Özel Plaj,Yok,3,1,1,1,1,1,0,8,1,0,1,0,1,1,1,0,1,1,1,1,0,0,1,0,1,1,1,1,1
Kirman Calyptus Resort Spa,"21.000,00 TL",19000-21000,Antalya - Side ,"60 km, Antalya HA ",400 - 500 Metre Arası,Özel Plaj,Var,2,1,1,1,1,1,0,6,1,1,1,0,0,1,1,0,1,0,0,1,0,0,1,0,1,1,1,1,1
Kirman Leodikya Resort,"26.250,00 TL",25000-27000,Antalya - Alanya-Okurcalar ,"90 km, Antalya HA ",Denize Sıfır,Özel Plaj,Yok,1,1,1,1,1,1,1,7,1,0,1,1,0,1,1,1,1,1,0,1,0,0,1,0,1,1,1,1,1
Kirman Sidera Luxury Spa,"24.375,00 TL",23000-25000,Antalya - Alanya-Okurcalar ,"90 km, Antalya HA ",Denize Sıfır,Mavi Bayraklı Özel Plaj,Var,5,1,1,1,2,1,1,5,1,0,1,1,0,1,1,1,1,1,0,1,0,0,1,0,1,1,1,1,1
Lujo Bodrum,"69.153,00 TL",+33000,Bodrum - Güvercinlik ,"15 km, Milas HA ",Denize Sıfır,Mavi Bayraklı Özel Plaj,Var,9,1,5,4,4,1,0,14,1,1,1,1,1,1,1,1,1,0,1,1,1,0,1,1,1,1,1,1,1
Martı La Perla,"18.432,00 TL",17000-19000,Marmaris - İçmeler ,"105 km, Dalaman HA ",Denize Sıfır,Mavi Bayraklı Özel Plaj,Yok,1,1,1,1,1,0,1,2,0,0,1,0,1,1,1,1,1,1,1,1,0,0,1,0,0,1,1,0,0
Mirage World Hotel,"15.637,05 TL",15000-17000,Marmaris - İçmeler ,"90 km, Dalaman ",50 - 100 Metre Arası,Özel Plaj,Yok,0,1,1,1,4,0,1,3,1,0,1,1,1,1,1,1,1,0,1,1,0,0,1,1,1,1,1,1,1
Mylome Luxury Hotel Resort,"24.008,40 TL",23000-25000,Antalya - Alanya-Okurcalar ,"90 km, Antalya HA ",Denize Sıfır,Özel Plaj,Var,5,1,1,1,3,1,0,7,1,0,1,1,1,1,1,1,1,1,1,1,0,0,1,0,1,1,1,1,1
Nirvana Cosmopolitan Hotel,"39.785,25 TL",+33000,Antalya - Lara-Kundu ,"No Info km, No Info",Denize Sıfır,Mavi Bayraklı Özel Plaj,Var,5,0,1,1,1,1,1,1,0,0,1,1,1,1,1,1,1,1,1,1,0,0,1,0,1,1,1,1,1
Seven Seas Hotel Life,"23.400,00 TL",23000-25000,Antalya - Kemer-Göynük ,"45 km, Antalya HA ",Denize Sıfır,Mavi Bayraklı Plaj,Var,1,1,2,1,3,0,1,5,1,0,1,1,1,1,1,1,1,1,1,1,1,0,1,1,1,1,1,1,1
Side Star Elegance,"24.824,24 TL",23000-25000,Antalya - Side-Kumköy ,"65 km, Antalya HA ",Denize Sıfır,Mavi Bayraklı Özel Plaj,Yok,5,1,1,1,3,0,0,8,1,0,1,1,1,1,1,1,1,1,1,1,0,0,1,0,0,1,1,1,1
Sky Business Hotel,"10.500,00 TL",9000-11000,Antalya - Antalya Merkez ,"9 km, Antalya HA ",Uygun Değil,Yok,Yok,1,1,1,2,1,0,1,0,0,1,1,1,0,0,1,0,0,0,1,0,0,0,1,0,0,0,0,1,1
Sueno Hotels Deluxe Belek,"43.875,00 TL",+33000,Antalya - Belek ,"30 km, Antalya HA ",Denize Sıfır,Mavi Bayraklı Özel Plaj,Var,6,1,2,2,1,2,1,6,1,0,1,1,1,1,1,1,1,1,1,0,1,0,1,1,0,1,1,1,1
Sueno Hotels Golf Belek,"40.500,00 TL",+33000,Antalya - Belek-Taşlıburun ,"30 km, Antalya HA ",300 - 400 Metre Arası,Mavi Bayraklı Özel Plaj,Var,0,1,2,2,1,1,1,7,1,1,1,1,1,1,1,1,1,1,1,1,0,0,0,0,1,1,1,1,1
Sunis Hotel Su,"30.375,00 TL",29000-31000,Antalya - Konyaaltı-Konyaaltı ,"18 km, Antalya HA ",Denize Sıfır,Yok,Yok,4,1,1,1,1,1,1,1,0,1,1,1,1,1,1,0,1,1,1,0,0,0,1,0,1,1,1,1,1
Sunis Kumköy Beach Resort,"32.400,00 TL",29000-33000,Antalya - Side-Kumköy ,"60 km, Antalya HA ",Denize Sıfır,Mavi Bayraklı Özel Plaj,Yok,6,1,1,1,6,1,1,0,1,0,1,1,1,1,1,1,1,1,1,1,0,1,1,1,1,1,1,1,1
Swandor Hotels Resort Topkapı Palace,"30.958,20 TL",29000-31000,Antalya - Lara-Kundu ,"16 km, Antalya HA ",Denize Sıfır,Mavi Bayraklı Özel Plaj,Var,3,0,1,1,1,1,1,8,1,1,1,1,1,1,1,1,1,1,1,1,1,0,0,0,1,1,1,1,1
Swiss Otel Resort Spa Çeşme,"60.010,94 TL",+33000,Çeşme - Ilıca ,"87 km, Adnan Menderes ",100 - 200 Metre Arası,Mavi Bayraklı Özel Plaj,Var,3,1,0,0,1,1,1,3,0,0,1,1,1,1,1,0,1,0,1,0,0,0,0,0,1,1,0,1,0
The Raga Side Hotel,"17.544,96 TL",17000-19000,Antalya - Side-Manavgat ,"55 km, Antalya HA ",50 - 100 Metre Arası,Özel Plaj,Yok,1,1,1,1,1,1,0,5,0,0,0,1,0,1,1,1,1,0,0,0,0,0,0,0,1,1,1,0,0
Throne Beach Resort Spa,"14.805,00 TL",13000-15000,Antalya - Manavgat ,"80 km, Antalya HA ",100 - 200 Metre Arası,Özel Plaj,Yok,2,1,1,1,1,1,0,3,1,0,1,1,0,1,1,1,1,0,0,1,0,0,1,0,1,1,1,1,1
Adrasan Beach Club Hotel,"6.480,00 TL",5000-7000,Antalya - Adrasan ,"120 km, Antalya HA ",100 - 200 Metre Arası,Özel Plaj,Yok,1,0,0,1,1,0,0,1,1,0,0,1,0,0,0,0,0,0,1,0,1,0,1,1,0,0,0,1,1
Ag Hotels Antalya,"11.059,66 TL",11000-13000,Antalya - Antalya Merkez-Muratpaşa ,"6 km, Antalya ",750 Metre ve Üzeri,Halk Plajı,Yok,1,1,1,1,0,0,1,0,0,0,0,1,0,0,0,0,0,0,1,0,0,0,1,0,0,0,0,0,0
Alexius Beach Hotel,"9.621,18 TL",9000-11000,Antalya - Kemer-Beldibi ,"40 km, Antalya HA ",50 Metreye Kadar,Özel Plaj,Yok,0,0,1,1,1,0,0,2,0,0,0,0,0,1,0,1,1,1,1,1,0,0,0,0,1,1,1,1,1
Ambrosia Hotel,"22.500,00 TL",21000-23000,Bodrum - Bitez ,"45 km, Bodrum Milas HA ",Denize Sıfır,Mavi Bayraklı Özel Plaj,Yok,1,0,1,1,1,0,0,3,0,0,1,1,1,1,1,1,1,1,1,1,0,0,1,0,1,1,1,1,0
Aqı Hydros Club,"16.891,20 TL",15000-17000,Antalya - Kemer-Merkez ,"65 km, Antalya HA ",Denize Sıfır,Mavi Bayraklı Özel Plaj,Var,3,1,0,1,2,1,0,2,1,0,1,1,1,1,1,1,1,1,1,1,1,1,1,1,1,1,1,1,0
Merve Sun Hotel,"10.005,87 TL",9000-11000,Antalya - Side ,"65 km, Antalya ",300 - 400 Metre Arası,Özel Plaj,Yok,1,1,1,1,1,1,1,1,1,0,1,1,1,1,1,0,1,1,1,1,0,0,1,0,1,1,1,1,1
Motto Premium Hotel Spa,"16.944,00 TL",15000-17000,Marmaris - Siteler ,"90 km, Dalaman ",50 Metreye Kadar,Özel Plaj,Yok,1,1,0,1,1,1,0,2,0,0,0,0,0,1,0,0,1,0,1,0,0,0,0,0,1,1,0,1,1
Nashira City Resort Hotel,"20.748,19 TL",19000-21000,Antalya - Antalya Merkez ,"18 km, Antalya HA ",750 Metre ve Üzeri,Halk Plajı,Yok,1,1,1,1,1,0,0,3,0,0,0,1,0,0,0,0,1,0,1,0,0,0,0,0,0,0,0,1,0
Olbia Hotel,"9.475,26 TL",9000-11000,Antalya - Konyaaltı ,"20 km, Antalya HA ",Denize Sıfır (Aradan Yol Geçiyor),Halk Plajı,Yok,0,1,0,1,1,0,0,0,0,0,0,1,0,0,0,0,0,0,1,0,0,0,1,0,0,0,0,1,0
Optimum Luxury Hotel,"19.844,88 TL",19000-21000,Antalya - Lara ,"10 km, Antalya ",500 - 600 Metre Arası,Halk Plajı,Yok,1,1,1,1,1,1,0,0,0,0,0,1,0,1,0,0,0,0,1,0,0,0,0,0,1,1,0,1,0
Palmea Hotel,"9.072,00 TL",9000-11000,Marmaris - Armutalan ,"95 km, Dalaman HA ",100 - 200 Metre Arası,Halk Plajı,Yok,0,1,1,1,1,0,1,3,1,0,1,1,1,1,1,0,1,0,1,0,0,0,1,0,0,1,1,1,1
Royal Atlantis Beach,"28.635,43 TL",27000-29000,Antalya - Side-Çolaklı ,"50 km, Antalya HA ",Denize Sıfır,Özel Plaj,Yok,2,1,1,1,2,1,1,4,1,0,1,0,1,1,1,1,1,1,1,1,0,0,1,0,1,1,1,1,1
Seher Kumköy Star Resort Spa,"18.720,00 TL",17000-19000,Antalya - Side-Manavgat ,"60 km, Antalya HA ",Denize Sıfır,Mavi Bayraklı Özel Plaj,Yok,2,0,1,1,1,1,0,5,1,0,1,0,0,1,1,1,1,1,1,1,0,0,1,0,1,1,1,1,0
Cooks Club Alanya +12 Adult Only,"12.681,60 TL",11000-13000,Null,Null,Null,Null,Null,0,0,0,0,0,0,0,0,0,0,0,0,0,0,0,0,0,0,0,0,0,0,0,0,0,0,0,0,0
Costa Farilya Special Class Hotel Bodrum,"25.996,80 TL",25000-27000,Bodrum - Gündoğan ,"48 km, Bodrum Milas HA ",Denize Sıfır,Mavi Bayraklı Özel Plaj,Var,1,0,1,1,1,0,0,1,0,0,0,1,0,1,0,0,1,0,1,0,0,0,1,0,1,1,1,1,0
Golden Lotus Hotel,"16.672,50 TL",15000-17000,Antalya - Kemer-Merkez ,"55 km, Antalya HA ",Denize Sıfır,Özel Plaj,Var,0,0,1,1,1,1,1,3,0,0,0,1,0,1,1,0,1,0,1,0,0,0,0,0,1,1,1,1,0
Green Garden Suites,"35.700,00 TL",+33000,Antalya - Alanya-Obagöl ,"39 km, Gazipaşa HA ",200 - 300 Metre Arası,Özel Plaj,Yok,1,1,1,1,1,0,0,2,0,0,0,0,0,1,1,0,1,0,1,0,0,0,0,0,0,0,0,1,0
İdaş Hotel +16,"11.768,40 TL",11000-13000,Null,Null,Null,Null,Null,0,0,0,0,0,0,0,0,0,0,0,0,0,0,0,0,0,0,0,0,0,0,0,0,0,0,0,0,0
İncekum Su Hotel,"15.091,23 TL",15000-17000,Antalya - Alanya ,"95 km, Antalya HA ",Denize Sıfır,Özel Plaj,Yok,0,1,1,1,1,1,0,3,0,0,1,0,1,1,1,0,1,1,1,1,0,0,1,0,1,1,1,1,1
Kleopatra Ada Hotel,"8.775,00 TL",7000-9000,Antalya - Alanya ,"120 km, Antalya ",50 - 100 Metre Arası,Özel Plaj,Yok,1,1,1,1,1,0,1,2,0,0,1,0,0,1,1,1,1,1,1,1,0,0,1,0,0,1,1,1,1
Kleopatra Royal Palm Hotel,"10.125,00 TL",9000-11000,Antalya - Alanya ,"118 km, Antalya HA ",50 Metreye Kadar,Özel Plaj,Yok,1,0,1,1,2,0,1,2,1,0,1,1,0,1,1,1,1,0,1,1,0,0,0,0,1,1,1,1,1
Orfeus Queen Spa,"20.568,00 TL",19000-21000,Antalya - Side-Çolaklı ,"55 km, Antalya HA ",300 - 400 Metre Arası,Yok,Yok,0,1,1,1,1,1,0,1,0,0,1,1,0,1,0,1,1,1,1,0,0,0,1,1,1,1,1,1,1
Alkan Hotel,"6.480,00 TL",5000-7000,Marmaris - Merkez ,"96 km, Dalaman HA ",100 - 200 Metre Arası,Halk Plajı,Yok,1,1,1,1,1,0,0,1,0,0,0,0,0,0,1,0,0,0,1,0,0,0,1,0,0,0,0,1,0
Atrium Hotel Bodrum,"8.812,66 TL",7000-9000,Bodrum - Bodrum Merkez ,"35 km, Milas ",100 - 200 Metre Arası,Halk Plajı,Yok,1,0,1,1,1,0,0,1,0,0,0,1,0,0,1,0,0,0,1,0,0,0,0,0,0,0,0,1,0
Begonville Beach Hotel,"12.566,40 TL",11000-13000,Marmaris - Siteler ,"90 km, Dalaman HA ",Denize Sıfır,Özel Plaj,Yok,1,0,1,1,0,0,0,1,0,0,0,0,0,1,1,0,0,0,1,0,0,0,1,1,0,0,0,0,0
Begonville Hotel,"9.655,80 TL",9000-11000,Marmaris - Siteler ,"90 km, Dalaman HA ",200 - 300 Metre Arası,Halk Plajı,Yok,0,0,1,0,1,0,0,2,0,0,0,0,0,1,1,0,0,0,1,0,0,0,1,0,0,1,1,0,0
Britannia Hotel,"4.560,00 TL",+33000,Antalya - Kemer-Merkez ,"55 km, Antalya HA ",100 - 200 Metre Arası,Özel Plaj,Yok,0,0,1,1,1,0,0,1,0,0,0,1,0,0,1,0,0,1,1,1,0,0,1,0,0,0,1,1,1
Çıralı Azur Hotel,"23.946,84 TL",23000-25000,Antalya - Çıralı ,"90 km, Antalya HA ",100 - 200 Metre Arası,Özel Plaj,Yok,1,0,1,1,1,0,0,1,0,0,0,1,0,0,1,0,0,0,1,0,0,0,1,0,0,1,1,1,1
Elista Boutique Hotel Spa,"47.277,48 TL",+33000,Bodrum - Türkbükü ,"35 km, Milas HA ",Denize Sıfır,Mavi Bayraklı Özel Plaj,Var,1,0,1,1,1,0,1,1,0,0,0,1,0,1,0,0,0,0,1,0,0,0,0,0,1,1,1,0,0
Ayhan Hotel Antalya,"13.611,96 TL",13000-15000,Antalya - Antalya Merkez-Muratpaşa ,"10 km, Antalya HA ",750 Metre ve Üzeri,Yok,Yok,0,1,0,0,0,0,0,1,0,0,0,1,1,0,0,0,0,0,1,0,0,0,1,0,0,0,0,0,0
Belcan Hotel,"4.726,32 TL",+33000,Antalya - Kemer ,"45 km, Antalya ",100 - 200 Metre Arası,Özel Plaj,Yok,0,0,1,0,0,0,0,1,0,0,0,1,0,1,0,0,0,0,1,0,0,1,1,0,0,1,0,0,0
Blue Bay Beach Hotel,"6.750,00 TL",5000-7000,Bodrum - Bitez ,"45 km, Milas HA ",Denize Sıfır,Özel Plaj,Yok,1,0,1,1,1,0,0,1,0,0,0,1,0,1,0,0,0,1,1,0,1,0,1,0,1,1,0,1,0
Blue Marina Hotel Spa,"9.477,91 TL",9000-11000,Antalya - Muratpaşa ,"10 km, Antalya ",Uygun Değil,Yok,Yok,1,1,1,0,0,0,0,1,0,0,0,1,0,0,0,0,0,0,1,0,0,0,0,0,0,0,0,0,0
Sunpoint Hotel Bodrum,"8.860,80 TL",7000-9000,Bodrum - Gümbet ,"38 km, Milas HA ",200 - 300 Metre Arası,Yok,Yok,0,0,1,1,1,0,0,1,0,0,0,1,1,1,1,0,0,0,1,1,0,0,1,0,0,1,0,1,0
The Abc Hotel,"44.112,60 TL",+33000,Çeşme - Alaçatı ,"No Info km, No Info",No Info,Halk Plajı,Yok,0,0,0,0,0,0,0,0,0,0,0,0,0,0,0,0,0,0,0,0,0,0,0,0,0,0,0,0,0
Zeynel Hotel,"12.150,00 TL",11000-13000,Antalya - Konyaaltı ,"21 km, Antalya ",Denize Sıfır (Aradan Yol Geçiyor),Halk Plajı,Yok,0,1,1,1,1,0,0,1,0,0,0,0,0,0,0,0,0,0,1,0,0,0,0,0,0,0,0,1,0
Atalla Otel,"9.274,98 TL",9000-11000,Antalya - Muratpaşa ,"8 km, Antalya ",750 Metre ve Üzeri,Halk Plajı,Yok,0,1,0,1,0,0,0,1,0,0,0,0,0,1,0,0,0,0,0,0,0,0,0,0,0,1,0,0,0
Send Apart Hotel,"6.600,00 TL",5000-7000,Antalya - Konyaaltı ,"19 km, Antalya HA ",500 - 600 Metre Arası,Halk Plajı,Yok,0,0,1,1,0,0,1,1,0,0,0,0,0,0,0,0,0,0,1,0,0,0,1,0,0,0,0,0,0
Nasa Flora Otel,"10.290,00 TL",9000-11000,Antalya - Lara ,"15 km, Antalya HA ",100 - 200 Metre Arası,Halk Plajı,Var,1,1,1,1,1,0,0,1,0,0,0,1,0,0,0,0,0,0,1,0,0,0,1,0,0,0,0,1,0
Beyond Otel,"11.708,88 TL",11000-13000,Antalya - Antalya Merkez ,"20 km, Antalya ",50 - 100 Metre Arası,Yok,Yok,0,1,0,1,0,0,0,1,0,0,0,0,0,0,0,0,0,0,1,0,0,0,0,0,0,0,0,0,0
Derin Luxury Hotel,"6.000,00 TL",5000-7000,Antalya - Kemer-Merkez ,"No Info km, No Info",No Info,Özel Plaj,Yok,0,0,1,0,1,0,0,1,0,0,0,0,0,0,0,0,0,0,0,0,0,0,0,0,0,0,0,1,0
Hayal Fener,"8.402,40 TL",7000-9000,Antalya - Muratpaşa ,"8 km, Antalya ",500 - 600 Metre Arası,Yok,Yok,0,1,0,0,0,0,0,0,0,0,0,1,0,0,0,0,0,0,0,0,0,0,0,0,0,0,0,0,0
Hayal Residence Apart Hotel,"10.503,00 TL",9000-11000,Antalya - Lara ,"15 km, Antalya HA ",50 - 100 Metre Arası,Halk Plajı,Yok,0,0,0,1,0,0,0,0,0,0,0,1,0,0,0,0,0,0,1,0,0,0,0,0,0,0,0,0,0
Heredot`s House,"13.411,74 TL",13000-15000,Antalya - Finike ,"115 km, Antalya ",750 Metre ve Üzeri,Yok,Yok,0,0,1,0,2,0,0,1,0,0,0,1,0,0,0,0,0,0,1,0,0,0,1,0,0,0,0,0,0
House Of Marmaris,"19.421,00 TL",19000-21000,Marmaris - Siteler ,"95 km, Dalaman ",400 - 500 Metre Arası,Halk Plajı,Yok,0,0,0,0,0,0,0,0,0,0,0,1,1,0,0,0,1,0,1,0,0,0,1,0,0,0,0,0,0
Kemer Residence,"29.417,28 TL",29000-31000,Antalya - Kemer ,"41 km, Antalya HA ",100 - 200 Metre Arası,Yok,Yok,0,0,0,0,1,0,0,0,0,0,0,0,0,0,0,0,0,0,1,0,0,0,1,0,0,0,0,1,0
Lara Marine Homes,"15.754,50 TL",15000-17000,Antalya - Muratpaşa ,"9 km, Antalya ",No Info,Yok,Yok,0,1,0,0,0,0,0,0,0,0,0,1,0,0,0,0,0,0,0,0,0,0,0,0,0,0,0,0,0
Maison 48 Apart,"11.332,74 TL",11000-13000,Bodrum - Gümbet ,"40 km, Milas HA ",300 - 400 Metre Arası,Halk Plajı,Yok,0,0,1,0,1,0,0,1,0,0,0,0,1,0,0,0,0,0,1,0,0,0,0,0,0,0,0,1,0
New Safir Apart Hotel,"13.657,92 TL",13000-15000,Antalya - Lara-Kundu ,"15 km, Antalya ",400 - 500 Metre Arası,Halk Plajı,Yok,0,1,0,0,0,0,0,0,0,0,1,1,1,0,0,0,0,0,1,0,0,0,0,0,0,0,0,0,0
Adrasan Lykia Edrassa Hotel,"10.350,00 TL",9000-11000,Antalya - Adrasan ,"110 km, Antalya HA ",50 Metreye Kadar,Halk Plajı,Var,1,0,1,1,0,0,0,1,0,0,0,1,0,0,0,0,0,0,1,0,0,1,1,0,0,0,1,0,1
Akkan Beach Hotel,"13.375,86 TL",13000-15000,Bodrum - Bodrum Merkez ,"35 km, Milas Bodrum HA ",Denize Sıfır (Aradan Yol Geçiyor),Yok,Yok,0,0,1,0,1,0,0,1,0,0,0,1,0,0,0,0,0,0,1,0,0,0,1,0,0,0,0,0,0
Akkan Luxury Hotel,"17.959,80 TL",17000-19000,Bodrum - Bodrum Merkez ,"35 km, BodrumHA",50 - 100 Metre Arası,Özel Plaj,Yok,1,0,1,0,0,0,0,0,0,0,0,0,0,0,0,0,0,0,1,0,0,0,0,0,0,0,0,0,1
Amore Boutique Hotel,"6.805,94 TL",5000-7000,Antalya - Kemer-Tekirova ,"80 km, Antalya HA ",300 - 400 Metre Arası,Halk Plajı,Yok,1,0,1,1,1,0,0,1,0,0,0,1,0,0,0,0,0,0,0,0,0,0,1,0,0,0,0,0,0
Art Suites Bodrum,"30.000,00 TL",29000-31000,Bodrum - Yalıkavak ,"55 km, Milas ",Denize Sıfır,Yok,Var,1,0,1,1,1,0,0,1,0,0,0,1,0,0,0,0,0,0,1,0,0,0,1,0,0,0,1,1,0
Azuu Boutique Hotel,"9.061,74 TL",9000-11000,Antalya - Lara ,"15 km, Antalya HA ",750 Metre ve Üzeri,Halk Plajı,Yok,0,0,1,1,1,0,0,1,0,0,0,1,0,1,0,0,0,0,1,0,0,0,0,0,1,1,0,0,0
Babil Butik Hotel,"8.302,50 TL",7000-9000,Antalya - Konyaaltı ,"20 km, Antalya ",100 - 200 Metre Arası,Özel Plaj,Yok,0,0,1,1,0,0,0,0,0,0,1,1,1,0,0,0,0,0,1,0,0,0,1,0,1,0,0,0,0
Bodrium Hotel And Spa,"22.950,00 TL",21000-23000,Bodrum - Bodrum Merkez ,"35 km, Milas ",750 Metre ve Üzeri,Yok,Yok,1,0,1,1,1,0,0,2,0,0,0,1,0,1,0,0,1,0,1,0,0,0,1,0,1,1,0,1,0
Mediterra Art Hotel,"17.628,81 TL",17000-19000,Antalya - Kaleiçi ,"16 km, Antalya HA ",750 Metre ve Üzeri,Halk Plajı,Yok,1,0,1,1,1,0,0,1,0,0,0,1,1,1,1,0,0,0,1,0,0,0,1,0,0,0,0,0,0
Meis Exclusive Hotel,"36.900,00 TL",+33000,Antalya - Kaş-Çukurbağ Yarımadası ,"165 km, DalamanHA",Denize Sıfır,Özel Plaj,Var,1,1,1,1,1,0,0,1,0,0,0,1,0,0,0,0,1,0,1,0,0,1,1,0,0,0,0,0,0
Mielo Lara Hotel,"10.692,00 TL",9000-11000,Antalya - Lara ,"6 km, Antalya ",200 - 300 Metre Arası,Halk Plajı,Yok,0,1,1,0,0,0,0,1,0,0,0,1,0,0,0,0,0,0,1,0,0,0,1,0,0,0,0,0,0
Moda Beach Boutique Hotel,"6.069,00 TL",5000-7000,Marmaris - Merkez ,"90 km, Dalaman HA ",50 - 100 Metre Arası,Özel Plaj,Yok,0,1,1,1,1,0,0,1,0,0,0,0,0,0,0,0,0,0,0,0,0,0,0,0,0,0,0,1,0
Olympos Village Reluxury Hotel,"19.200,00 TL",19000-21000,Antalya - Olimpos ,"85 km, Antalya ",750 Metre ve Üzeri,Halk Plajı,Yok,1,0,1,1,1,0,0,1,0,0,0,1,0,0,1,0,0,0,1,0,0,0,1,0,0,1,1,1,0
Palmalife Hotel,"33.924,69 TL",+33000,Bodrum - Yalıkavak-Gökçebel ,"45 km, Milas ",Denize Sıfır,Özel Plaj,Var,1,1,4,1,1,1,0,3,0,0,0,1,0,1,1,0,1,0,1,0,0,1,1,0,1,1,0,1,0
Sealife Lounge Hotel,"13.838,75 TL",13000-15000,Antalya - Konyaaltı ,"19 km, Antalya HA ",No Info,Halk Plajı,Yok,0,1,0,1,1,0,0,1,0,0,0,1,0,1,0,0,0,0,1,0,0,0,0,0,0,0,0,1,0
Seçkin Best Hotel Bodrum,"14.906,58 TL",13000-15000,Bodrum - Bodrum Merkez ,"40 km, Milas HA ",750 Metre ve Üzeri,Yok,Yok,0,0,1,1,1,0,0,0,0,0,0,0,0,0,0,0,0,0,1,0,0,0,0,0,0,0,0,0,0
Adrasan Yonca Otel,"22.056,30 TL",21000-23000,Antalya - Adrasan ,"110 km, Antalya HA ",No Info,Yok,Var,1,0,1,1,1,0,0,1,0,0,0,1,1,0,0,1,0,0,0,0,0,1,1,1,0,0,0,1,1
Afet Hanım Konağı,"12.622,26 TL",11000-13000,Çeşme - Alaçatı ,"84 km, Adnan Menderes HA ",750 Metre ve Üzeri,Halk Plajı,Yok,1,0,1,1,0,0,0,1,0,0,0,1,0,0,0,0,0,0,1,0,0,0,0,0,0,0,0,0,0
Ala Otel Alaçatı,"23.106,60 TL",23000-25000,Çeşme - Alaçatı ,"90 km, Adnan Menderes HA ",750 Metre ve Üzeri,Halk Plajı,Yok,1,0,1,1,1,0,0,1,0,0,0,0,0,1,0,0,0,0,1,0,1,0,0,0,0,1,0,0,0
Alaçatı Ala Konak Butik Otel,"15.000,00 TL",13000-15000,Çeşme - Alaçatı ,"90 km, Adnan Menderes ",750 Metre ve Üzeri,Yok,Yok,0,0,0,0,1,0,0,1,0,0,0,1,0,0,0,0,0,0,1,0,0,0,0,0,0,0,0,0,0
Alaçatı Roka Taş Otel,"14.000,00 TL",13000-15000,Çeşme - Alaçatı ,"70 km, Adnan Menderes ",750 Metre ve Üzeri,Yok,Yok,0,0,1,0,1,0,0,0,0,0,0,1,0,0,0,0,0,0,1,0,0,0,0,0,0,0,0,0,0
Alaçatı Sade Otel,"19.901,88 TL",19000-21000,Çeşme - Alaçatı ,"80 km, Adnan Menderes HA ",Uygun Değil,Halk Plajı,Yok,1,0,0,1,1,0,0,1,0,0,0,1,0,0,0,0,0,0,1,0,0,0,1,0,0,0,0,0,0
Alanarin Alaçatı,"27.489,00 TL",27000-29000,Çeşme - Alaçatı ,"95 km, Adnan Menderes HA ",No Info,Yok,Yok,0,0,0,0,1,0,0,0,0,0,0,0,0,0,0,0,0,0,1,0,0,0,0,0,0,0,0,0,0
Ali`s Boutique Hotel,"9.000,00 TL",7000-9000,Bodrum - Ortakent-Yahşi ,"No Info km, No Info",Denize Sıfır (Aradan Yol Geçiyor),Özel Plaj,Var,1,0,0,0,0,0,0,0,0,0,0,1,1,0,1,0,0,0,1,1,0,0,0,0,0,0,0,0,0
Cocopalm Boutique Hotel,"24.000,00 TL",23000-25000,Çeşme - Alaçatı ,"83 km, Adnan Menderes HA ",No Info,Halk Plajı,Yok,0,0,1,0,0,0,0,0,0,0,0,0,0,1,0,0,0,0,1,0,0,0,0,0,0,0,0,0,0
Comfy Otel Antalya Lara,"3.655,04 TL",+33000,Antalya - Muratpaşa ,"9 km, Antalya ",400 - 500 Metre Arası,Yok,Yok,1,0,0,1,0,0,0,0,0,0,0,1,0,0,0,0,0,0,1,0,0,0,1,0,0,0,0,0,0
Cumbalıca Beach Otel,"24.000,00 TL",23000-25000,Çeşme - Ilıca ,"No Info km, No Info",No Info,Yok,Yok,0,0,0,0,0,0,0,0,0,0,0,0,0,0,0,0,0,0,0,0,0,0,0,0,0,0,0,0,0
Çeşme Flowers Otel,"60.000,00 TL",+33000,Çeşme - Çeşme Merkez ,"No Info km, No Info",600 - 750 Metre Arası,Yok,Yok,0,0,0,0,0,0,0,0,0,0,0,0,0,0,0,0,0,0,0,0,0,0,0,0,0,0,0,0,0
Kaliptus Hotel,"5.400,00 TL",5000-7000,Antalya - Kemer-Merkez ,"65 km, Antalya HA ",400 - 500 Metre Arası,Halk Plajı,Yok,1,0,1,1,1,0,0,1,0,0,0,1,0,1,0,0,0,0,1,0,0,0,0,0,0,1,0,0,0
Karden Otel,"9.463,38 TL",9000-11000,Antalya - Muratpaşa ,"14 km, Antalya ",50 - 100 Metre Arası,Yok,Yok,0,1,0,0,0,0,0,0,0,0,0,0,0,0,0,0,0,0,1,0,0,0,0,0,0,0,0,0,0
Kaş Gardenia Hotel,"16.236,00 TL",15000-17000,Antalya - Kaş ,"No Info km, No Info",No Info,Halk Plajı,Yok,0,0,0,0,0,0,0,0,0,0,0,0,0,0,0,0,0,0,1,0,0,0,1,0,0,0,0,0,0
Kemer Park Hotel,"6.000,00 TL",5000-7000,Antalya - Kemer ,"4 km, Antalya HA ",750 Metre ve Üzeri,Yok,Yok,0,0,1,0,0,0,0,0,0,0,0,1,0,0,0,0,0,0,1,0,0,0,0,0,0,0,0,0,0
Kemer Suite Apart Otel,"4.200,00 TL",+33000,Antalya - Kemer ,"60 km, Antalya HA ",300 - 400 Metre Arası,Özel Plaj,Yok,0,0,0,0,1,0,0,0,0,0,0,0,0,0,0,0,0,0,1,0,0,0,0,0,0,0,0,0,0
Kempinski Residences Bodrum Barbaros Reserve,"241.920,00 TL",+33000,Bodrum - Yalıçiftlik ,"43 km, Milas HA ",Denize Sıfır,Özel Plaj,Yok,0,1,1,0,1,0,0,1,0,0,0,1,0,0,0,0,0,0,1,0,0,0,0,0,0,0,0,0,0
Köşe Konak Hotel,"33.273,48 TL",+33000,Çeşme - Alaçatı ,"85 km, Adnan Menderes HA ",750 Metre ve Üzeri,Halk Plajı,Yok,0,1,1,1,1,0,0,1,0,0,0,1,0,0,0,0,0,0,1,0,0,0,0,0,0,0,0,0,0
Kybele Suites Alaçatı,"13.800,00 TL",13000-15000,Çeşme - Alaçatı ,"85 km, Adnan Menderes HA ",750 Metre ve Üzeri,Yok,Yok,0,0,1,0,1,0,0,0,0,0,0,1,0,0,0,0,0,0,1,0,0,0,0,0,0,0,0,0,0
Mucho Butik Otel,"7.560,00 TL",7000-9000,Bodrum - Bodrum Merkez ,"20 km, Milas ",300 - 400 Metre Arası,Mavi Bayraklı Özel Plaj,Yok,1,0,1,1,0,0,0,2,0,0,0,1,1,0,0,0,0,0,1,0,0,0,1,0,0,0,0,0,0
Nebilux Hotel,"10.506,06 TL",9000-11000,Antalya - Muratpaşa ,"12 km, Antalya ",Denize Sıfır (Aradan Yol Geçiyor),Halk Plajı,Yok,1,1,1,1,0,0,0,1,0,0,0,1,0,0,0,0,0,0,1,0,0,0,1,0,0,0,0,0,0
Neva Hotel Alaçatı,"18.905,40 TL",17000-19000,Çeşme - Alaçatı ,"No Info km, No Info",No Info,Yok,Yok,0,0,0,0,0,0,0,0,0,0,0,0,0,0,0,0,0,0,0,0,0,0,0,0,0,0,0,0,0
No81 Hotel,"32.195,79 TL",29000-33000,Bodrum - Türkbükü ,"38 km, Milas ",Denize Sıfır,Özel Plaj,Var,1,0,1,0,0,0,0,1,0,0,1,1,0,1,1,0,1,0,1,0,0,1,1,1,0,1,0,0,0
Olsen Hotel,"8.959,14 TL",7000-9000,Antalya - Muratpaşa ,"No Info km, No Info",No Info,Yok,Yok,0,1,0,0,0,0,0,0,0,0,0,0,0,0,0,0,0,0,0,0,0,0,0,0,0,0,0,0,0
Oscar Garden Hotel,"11.815,88 TL",11000-13000,Antalya - Muratpaşa ,"14 km, Antalya ",500 - 600 Metre Arası,Halk Plajı,Yok,0,0,1,1,1,0,0,1,0,0,0,1,0,0,0,0,0,0,1,0,0,0,0,0,0,0,1,0,0
Otel Gümüşlük,"15.000,00 TL",13000-15000,Bodrum - Gümüşlük ,"60 km, Milas HA ",50 - 100 Metre Arası,Yok,Yok,1,0,1,1,1,0,0,1,0,0,0,1,0,0,0,0,0,0,1,0,0,0,1,0,0,0,0,1,0
Otto Palace Boutique Hotel,"16.200,00 TL",15000-17000,Antalya - Adrasan ,"No Info km, No Info",No Info,Halk Plajı,Yok,0,0,1,0,1,0,0,0,0,0,0,0,0,0,0,0,0,0,1,0,0,0,0,0,0,0,0,0,0
The Hotel 48,"7.566,54 TL",7000-9000,Bodrum - Bodrum Merkez ,"31 km, Milas Bodrum HA ",50 - 100 Metre Arası,Yok,Yok,0,0,0,1,0,0,0,0,0,0,0,0,0,0,0,0,0,0,1,0,0,0,0,0,0,0,0,0,0
The Local House Alaçatı,"44.375,18 TL",+33000,Çeşme - Alaçatı ,"67 km, Adnan Menderes ",No Info,Yok,Yok,1,0,1,1,1,0,0,1,0,0,0,1,0,1,0,0,1,0,1,0,0,0,0,0,1,1,0,0,0
The Luxury Shelters,"21.000,00 TL",19000-21000,Antalya - Kaş ,"No Info km, No Info",No Info,Yok,Yok,0,0,0,0,0,0,0,0,0,0,0,0,0,0,0,0,0,0,0,0,0,0,0,0,0,0,0,0,0
Toll Garden,"13.950,00 TL",13000-15000,Antalya - Side ,"65 km, Antalya HA ",50 Metreye Kadar,Yok,Yok,1,0,0,0,0,0,0,0,0,0,0,1,0,0,1,0,0,0,1,0,0,0,0,0,0,0,0,0,0
True Blue Boutique Hotel,"26.520,22 TL",25000-27000,Antalya - Kalkan ,"220 km, Antalya HA ",200 - 300 Metre Arası,Halk Plajı,Yok,0,0,1,0,1,0,0,1,0,0,0,1,0,0,0,0,0,0,1,0,0,0,0,0,0,0,0,0,0
Türkay Hotel,"18.000,00 TL",17000-19000,Antalya - Konyaaltı ,"No Info km, No Info",No Info,Halk Plajı,Yok,0,0,0,1,0,0,0,1,0,0,0,0,0,0,0,0,0,0,1,0,0,0,1,0,0,0,0,0,0
Un Amor Hotel +16 Adults Only,"13.500,00 TL",13000-15000,Null,Null,Null,Null,Null,0,0,0,0,0,0,0,0,0,0,0,0,0,0,0,0,0,0,0,0,0,0,0,0,0,0,0,0,0
Viento Hotel Alaçatı,"38.400,00 TL",+33000,Çeşme - Alaçatı ,"95 km, Adnan Menderes HA ",750 Metre ve Üzeri,Yok,Yok,1,0,1,1,1,0,0,1,0,0,0,1,0,0,0,0,0,0,1,0,0,0,0,0,0,0,0,0,0
Hoyran Wedre Köy Evleri,"29.444,04 TL",29000-31000,Antalya - Demre ,"182 km, Antalya HA ",No Info,Yok,Yok,0,0,1,1,1,0,0,0,0,0,0,0,0,0,0,0,0,0,1,0,0,0,0,0,0,0,0,0,0
Kadirs Tree Houses,"16.200,00 TL",15000-17000,Antalya - Olimpos ,"110 km, Antalya HA ",750 Metre ve Üzeri,Yok,Yok,1,0,1,1,0,0,0,1,0,0,0,1,0,0,0,1,0,0,0,0,0,0,1,1,0,0,0,0,0
La Boutique Hotel Suites,"25.258,86 TL",25000-27000,Antalya - Lara ,"15 km, Antalya HA ",Denize Sıfır,Özel Plaj,Yok,1,1,0,1,1,0,0,2,0,0,0,1,0,1,0,0,1,0,1,0,0,0,0,0,1,1,0,0,0
Maja Luxury Çeşme,"22.113,00 TL",21000-23000,Çeşme - Çeşme Merkez ,"90 km, Adnan Menderes HA ",Denize Sıfır,Özel Plaj,Var,0,0,1,0,1,0,0,2,0,0,0,1,0,0,0,0,0,0,1,0,0,0,1,0,0,0,1,0,1
Moonshine Hotel Suites,"9.847,58 TL",9000-11000,Bodrum - Bodrum Merkez ,"28 km, Milas HA ",300 - 400 Metre Arası,Halk Plajı,Yok,1,0,0,1,1,0,0,0,0,0,0,1,0,0,0,0,0,1,1,0,0,0,0,0,0,0,0,1,0
Nostalgia World Otel,"17.640,00 TL",17000-19000,Antalya - Side-Kızılot ,"80 km, Antalya ",100 - 200 Metre Arası,Mavi Bayraklı Özel Plaj,Yok,1,0,1,1,1,0,0,1,0,0,0,1,0,0,0,0,0,0,1,0,0,0,0,0,0,0,0,0,1
Patara Prince Resort,"16.053,94 TL",15000-17000,Antalya - Kalkan ,"120 km, Dalaman ",Denize Sıfır,Mavi Bayraklı Özel Plaj,Var,3,1,3,3,3,1,0,5,0,0,1,1,1,1,1,0,1,0,1,0,1,1,1,0,1,1,1,1,1
Patron Hotel,"9.000,00 TL",7000-9000,Antalya - Kaleiçi ,"16 km, Antalya HA ",300 - 400 Metre Arası,Yok,Yok,0,0,1,1,0,0,0,0,0,0,0,0,0,0,0,0,0,0,0,0,0,0,0,0,0,0,0,0,0
Alya Sierra Villa Hotel,"48.960,00 TL",+33000,Bodrum - Torba ,"28 km, Milas HA ",750 Metre ve Üzeri,Halk Plajı,Var,0,0,1,1,1,0,0,0,0,0,0,1,0,1,1,0,0,0,1,1,0,0,0,0,0,0,0,1,1
Anchor Alaçatı,"13.260,00 TL",13000-15000,Çeşme - Alaçatı ,"85 km, Adnan Menderes ",No Info,Halk Plajı,Yok,0,0,1,1,1,0,0,0,0,0,0,1,0,0,0,0,0,0,1,0,0,0,0,0,0,0,0,0,0
Antalya Business Hotel,"11.497,88 TL",11000-13000,Antalya - Antalya Merkez ,"13 km, Antalya ",750 Metre ve Üzeri,Yok,Yok,0,1,0,0,0,0,1,0,0,0,0,1,0,0,0,0,0,0,0,0,0,0,1,0,0,0,0,0,0
Apaz Alaçatı,"13.500,00 TL",13000-15000,Çeşme - Alaçatı ,"85 km, Adnan Menderes ",No Info,Halk Plajı,Yok,0,0,1,0,0,0,0,0,0,0,0,0,0,0,0,0,0,0,0,0,0,0,0,0,0,0,0,0,0
Asha Alaçatı,"5.251,50 TL",5000-7000,Çeşme - Alaçatı ,"85 km, Adnan Menderes ",No Info,Halk Plajı,Yok,1,0,1,0,1,0,0,1,0,0,0,1,0,0,0,0,0,0,1,0,0,0,0,0,0,0,0,0,0
Aslı Bungalow,"6.304,56 TL",5000-7000,Antalya - Demre ,"No Info km, No Info",No Info,Yok,Yok,0,0,0,0,0,0,0,0,0,0,0,0,0,0,0,0,0,0,0,0,0,0,0,0,0,0,0,0,0
Astrid Otel Bodrum,"9.900,00 TL",9000-11000,Bodrum - Gümüşlük ,"61 km, Milas HA ",100 - 200 Metre Arası,Yok,Yok,0,1,1,1,1,0,0,0,0,0,0,1,0,0,1,0,0,0,1,0,0,0,1,0,0,0,0,1,0
Atalante Hotel,"10.550,00 TL",9000-11000,Antalya - Kaş-Çukurbağ Yarımadası ,"No Info km, No Info",No Info,Halk Plajı,Yok,0,0,0,0,0,0,0,0,0,0,0,0,0,0,0,0,0,0,0,0,0,0,0,0,0,0,0,0,0
İberis Lara Hotel,"8.258,80 TL",7000-9000,Antalya - Lara ,"9 km, Antalya ",750 Metre ve Üzeri,Yok,Yok,0,0,0,0,0,0,0,0,0,0,0,0,0,0,0,0,0,0,0,0,0,0,0,0,0,0,0,0,0
İrenic Hotel,"12.288,48 TL",11000-13000,Antalya - Konyaaltı ,"27 km, Antalya ",600 - 750 Metre Arası,Yok,Yok,1,1,0,1,1,0,0,1,0,0,0,1,0,0,0,0,0,0,1,0,0,0,1,0,0,0,0,0,0
Jura Hotels Bodrum Resort,"8.568,00 TL",7000-9000,Bodrum - Ortakent-Yahşi ,"48 km, Milas HA ",Denize Sıfır,Özel Plaj,Yok,1,0,1,0,3,0,0,1,0,0,0,0,0,1,1,0,1,0,1,1,0,0,1,0,1,1,0,1,0
Kalkan Saray Suites (Adult Only +13),"23.692,66 TL",23000-25000,Null,Null,Null,Null,Null,0,0,0,0,0,0,0,0,0,0,0,0,0,0,0,0,0,0,0,0,0,0,0,0,0,0,0,0,0
Lara Beach Homes,"9.778,26 TL",9000-11000,Antalya - Lara ,"10 km, Antalya ",750 Metre ve Üzeri,Özel Plaj,Yok,0,0,0,1,0,0,0,0,0,0,0,1,0,0,0,0,0,0,0,0,0,0,1,0,0,0,0,1,0
Leylak Alaçatı,"15.000,00 TL",13000-15000,Çeşme - Alaçatı ,"85 km, Adnan Menderes HA ",No Info,Halk Plajı,Yok,0,0,1,1,0,0,0,1,0,0,0,1,0,0,0,0,0,0,1,0,0,0,0,0,0,0,0,0,0
London House Hotel,"3.772,80 TL",+33000,Antalya - Kemer-Merkez ,"No Info km, No Info",No Info,Yok,Yok,0,0,0,0,0,0,0,0,0,0,0,0,0,0,0,0,0,0,0,0,0,0,0,0,0,0,0,1,0
Luwi Life Concept,"13.446,24 TL",13000-15000,Antalya - Adrasan ,"No Info km, No Info",750 Metre ve Üzeri,Halk Plajı,Yok,0,0,0,0,0,0,0,0,0,0,0,1,0,0,0,0,0,0,0,0,0,0,0,0,0,0,0,0,0
Drvilla Suits,"47.426,70 TL",+33000,Antalya - Belek ,"25 km, Antalya ",750 Metre ve Üzeri,Yok,Yok,0,0,0,0,4,0,0,0,0,0,0,1,0,0,0,0,0,0,0,0,0,0,0,0,0,0,0,1,0
İbak Sunny Houses,"9.000,00 TL",7000-9000,Bodrum - Gümüşlük ,"60 km, Milas ",600 - 750 Metre Arası,Halk Plajı,Yok,0,0,0,0,3,0,0,0,0,0,0,1,0,0,0,0,0,0,1,0,0,0,1,0,0,0,0,1,0
Villa Ay,"9.792,00 TL",9000-11000,Antalya - Kaş ,"153 km, Dalaman ",750 Metre ve Üzeri,Halk Plajı,Yok,0,0,0,0,0,0,0,0,0,0,0,1,0,0,1,0,0,0,1,0,0,1,1,0,0,1,0,0,0
Daima Biz Hotel,"18.803,59 TL",17000-19000,Antalya - Kemer-Kiriş ,"56 km, Antalya HA ",Denize Sıfır (Aradan Yol Geçiyor),Mavi Bayraklı Özel Plaj,Var,1,1,2,2,3,2,0,6,1,0,0,1,1,1,1,0,1,0,1,1,0,0,1,1,1,1,1,1,1
Martı Resort Hotel,"23.040,00 TL",23000-25000,Marmaris - İçmeler ,"105 km, Dalaman HA ",Denize Sıfır,Mavi Bayraklı Özel Plaj,Yok,2,1,1,1,3,1,1,5,0,0,1,1,1,1,1,1,1,1,1,1,1,1,1,0,1,1,1,1,1
Melas Resort Hotel,"29.700,00 TL",29000-31000,Antalya - Side-Kumköy ,"65 km, Antalya HA ",Denize Sıfır,Mavi Bayraklı Özel Plaj,Yok,3,0,1,1,1,1,0,3,1,0,1,1,1,1,1,1,1,1,1,1,0,0,0,1,0,1,1,1,1
Ramada Plaza Antalya,"22.644,00 TL",21000-23000,Antalya - Muratpaşa ,"15 km, Antalya HA ",Denize Sıfır,Mavi Bayraklı Plaj,Var,1,1,1,1,1,1,1,4,0,1,1,1,1,1,1,0,1,1,1,1,0,0,1,0,1,1,1,1,0
Aurasia Sea Side,"5.852,25 TL",5000-7000,Marmaris - Merkez-Uzunyalı ,"96 km, Dalaman HA ",Denize Sıfır (Aradan Yol Geçiyor),Özel Plaj,Yok,1,0,1,1,1,0,0,1,0,0,0,1,0,1,1,0,0,0,1,0,0,0,0,0,0,1,0,1,0
Can Garden Beach Hotel,"29.748,60 TL",29000-31000,Antalya - Side ,"70 km, Antalya HA ",Denize Sıfır (Aradan Yol Geçiyor),Özel Plaj,Yok,1,1,1,1,1,0,0,1,1,0,1,1,1,1,1,0,1,1,0,1,0,1,1,0,1,1,1,1,0
Side Bay Hotel,"14.266,56 TL",13000-15000,Antalya - Side ,"No Info km, No Info",No Info,Yok,Yok,0,1,0,1,1,0,0,0,0,0,0,0,0,0,0,0,0,0,0,0,0,0,0,0,0,0,0,1,0
Floria Beach Hotel,"12.855,67 TL",11000-13000,Antalya - Alanya ,"130 km, Antalya HA ",Denize Sıfır,Özel Plaj,Yok,0,1,1,1,1,0,0,1,0,0,0,0,0,0,1,0,1,0,1,1,0,0,1,0,1,1,1,0,0
Villa Side Hotel,"15.750,00 TL",15000-17000,Antalya - Side ,"60 km, Antalya HA ",100 - 200 Metre Arası,Halk Plajı,Yok,0,1,1,1,1,1,1,0,1,0,1,1,1,1,0,0,1,0,1,0,0,0,1,0,1,1,1,1,1
Petunya Konak Butik Otel,"13.653,90 TL",13000-15000,Marmaris - İçmeler ,"102 km, DalamanHA",750 Metre ve Üzeri,Halk Plajı,Yok,1,0,1,1,1,0,0,1,0,0,0,1,0,1,0,0,0,0,1,0,0,0,1,0,0,0,0,1,0
Queen Boutique Hotel,"5.820,00 TL",5000-7000,Bodrum - Bitez ,"35 km, Milas ",100 - 200 Metre Arası,Halk Plajı,Yok,1,0,1,1,1,0,0,2,0,0,0,0,0,0,1,0,0,0,1,0,0,0,1,0,0,0,0,1,0
Kemerlihan Deluxe Hotel,"18.900,00 TL",17000-19000,Çeşme - Alaçatı ,"110 km, Adnan Menderes HA ",750 Metre ve Üzeri,Yok,Yok,1,0,1,1,1,0,0,1,0,0,0,1,0,0,1,0,0,0,1,0,1,0,1,0,0,0,0,0,1
Aisem By Hire,"9.774,76 TL",9000-11000,Çeşme - Alaçatı ,"85 km, Adnan Menderes ",No Info,Yok,Yok,0,0,0,0,1,0,0,0,0,0,0,1,0,0,0,0,0,0,0,0,0,0,0,0,0,0,0,0,0
Ala Da Vinci,"30.000,00 TL",29000-31000,Çeşme - Alaçatı ,"75 km, Adnan Menderes ",750 Metre ve Üzeri,Yok,Yok,0,0,0,0,0,0,0,0,0,0,0,0,0,0,0,0,0,0,0,0,0,0,0,0,0,0,0,0,0
Ala Suites And Villas Yalıkavak,"74.865,36 TL",+33000,Bodrum - Yalıkavak ,"54 km, Milas ",Denize Sıfır,Özel Plaj,Var,1,0,1,0,1,0,0,3,0,0,0,1,0,0,0,0,0,0,1,0,0,0,1,0,0,0,0,0,0
Alaçatı Sultan Konak,"90.090,00 TL",+33000,Çeşme - Alaçatı ,"85 km, Adnan Menderes ",750 Metre ve Üzeri,Halk Plajı,Yok,1,0,1,1,0,0,0,0,0,0,0,1,0,0,0,0,0,0,1,0,0,0,0,0,0,0,0,0,0
Arcadius Alaçatı,"42.012,00 TL",+33000,Çeşme - Alaçatı ,"No Info km, No Info",750 Metre ve Üzeri,Halk Plajı,Yok,0,0,1,0,1,0,0,1,0,0,0,0,0,0,0,0,0,0,0,0,0,0,0,0,0,0,0,0,0
Papirus Hotel Adrasan,"14.704,20 TL",13000-15000,Antalya - Adrasan ,"100 km, Antalya ",400 - 500 Metre Arası,Halk Plajı,Yok,1,0,1,1,1,0,0,1,0,0,0,1,0,0,0,0,1,0,1,0,0,0,1,0,0,0,0,1,1
Alaçatı Balbadem Otel,"105.030,00 TL",+33000,Çeşme - Alaçatı ,"85 km, Adnan Menderes HA ",750 Metre ve Üzeri,Yok,Yok,0,0,1,1,1,0,0,0,0,0,0,1,0,0,0,0,0,0,1,0,0,0,1,0,0,0,0,0,0
Bo Alaçatı,"47.994,00 TL",+33000,Çeşme - Alaçatı ,"No Info km, No Info",No Info,Halk Plajı,Yok,0,0,1,0,0,0,0,0,0,0,0,0,0,0,0,0,0,0,0,0,0,0,0,0,0,0,0,0,0
"G Beyond Apartments Villas, Yalıkavak","132.337,80 TL",+33000,Null,Null,Null,Null,Null,0,0,0,0,0,0,0,0,0,0,0,0,0,0,0,0,0,0,0,0,0,0,0,0,0,0,0,0,0
